,From,To,Counts,Log2FC,Pvalue,Percentage
0,AntiInfMacr,AntiInfMacr,925,4.3047372460643905,0.0,0.14548600188738597
1,AntiInfMacr,Bas-I,0,-inf,1.0,0.0
2,AntiInfMacr,Bas-II,7,-2.7111601534255,0.9999999999998602,0.001100975149418056
3,AntiInfMacr,Bas-inflamed,7,-1.8417442632356442,0.9999947925609742,0.001100975149418056
4,AntiInfMacr,Bas-mig,0,-inf,1.0,0.0
5,AntiInfMacr,Bas-prolif,33,-1.8681247555312976,1.0,0.005190311418685121
6,AntiInfMacr,CD4_T,18,-0.22719496652613816,0.7789568045423023,0.0028310789556464295
7,AntiInfMacr,CD8_T,7,-1.1562548865605236,0.9949755957248232,0.001100975149418056
8,AntiInfMacr,DS,10,-0.10785806200140996,0.6357035804093425,0.0015728216420257944
9,AntiInfMacr,EC,198,-0.9123826752162123,1.0,0.031141868512110725
10,AntiInfMacr,FB_APOD,5,-1.3993208761617213,0.996844500327805,0.0007864108210128972
11,AntiInfMacr,Gra-I,2,-4.982082468689606,1.0,0.00031456432840515884
12,AntiInfMacr,HF-CL,8,1.6363030335689999,0.004816693727584531,0.0012582573136206354
13,AntiInfMacr,HF-HS,0,-inf,1.0,0.0
14,AntiInfMacr,HF-IRS,1,-3.4511598076813397,0.999983144164593,0.00015728216420257942
15,AntiInfMacr,HF-Matrix,13,-1.3143089394688365,0.9999647301957773,0.0020446681346335325
16,AntiInfMacr,HF-ORSB,8,-2.95988672257541,1.0,0.0012582573136206354
17,AntiInfMacr,HF-TAC,1,-2.6856250613183623,0.9984397095511369,0.00015728216420257942
18,AntiInfMacr,MELAN,13,1.0888152382665068,0.009829273593973564,0.0020446681346335325
19,AntiInfMacr,Mast,40,0.15087620639875837,0.27412481201559336,0.0062912865681031774
20,AntiInfMacr,Mural,181,-1.9934560905002998,1.0,0.028468071720666878
21,AntiInfMacr,SCH,0,-inf,1.0,0.0
22,AntiInfMacr,Spi-I,24,-3.5176711473859834,1.0,0.0037747719408619063
23,AntiInfMacr,Spi-mig,0,-inf,1.0,0.0
24,AntiInfMacr,Sweat Gland,11,-0.9376883493311531,0.994197703029169,0.0017301038062283738
25,AntiInfMacr,actiFB,318,-0.832993204977853,1.0,0.05001572821642026
26,AntiInfMacr,cDC,36,1.3799632803092146,4.1279556250994887e-07,0.005662157911292859
27,AntiInfMacr,cMono,57,1.3502519750102344,4.710163370447162e-10,0.008965083359547028
28,AntiInfMacr,inflamFB,599,-0.08492171159404198,0.9398833773558991,0.09421201635734508
29,AntiInfMacr,lipidMacr,725,4.317961256056109,0.0,0.11402956904687009
30,AntiInfMacr,myoFB,8,-1.6490991852932484,0.9999802105584404,0.0012582573136206354
31,AntiInfMacr,pDC,15,0.33374026354856867,0.21826309019128542,0.0023592324630386913
32,AntiInfMacr,papiFB,306,-0.17643006821517102,0.9884693647750833,0.0481283422459893
33,AntiInfMacr,retiFB,1205,-0.91504704333436,1.0,0.1895250078641082
34,AntiInfMacr,trMacr,1577,2.1101579876526224,0.0,0.24803397294746776
35,Bas-I,AntiInfMacr,0,-inf,1.0,0.0
36,Bas-I,Bas-I,268,5.712389558936974,0.0,0.128660585693711
37,Bas-I,Bas-II,253,4.074388676308535,0.0,0.1214594335093615
38,Bas-I,Bas-inflamed,169,4.361690428086265,0.0,0.08113298127700432
39,Bas-I,Bas-mig,0,-inf,1.0,0.0
40,Bas-I,Bas-prolif,73,0.8872158610875955,8.355910495749796e-07,0.03504560729716755
41,Bas-I,CD4_T,0,-inf,1.0,0.0
42,Bas-I,CD8_T,3,-0.7687371307996423,0.8850404494009828,0.0014402304368698992
43,Bas-I,DS,1,-1.8198759797914432,0.9709334893776255,0.00048007681228996637
44,Bas-I,EC,54,-1.1769416160350241,0.9999999999995731,0.025924147863658185
45,Bas-I,FB_APOD,1,-2.1113387939517545,0.9868471912159484,0.00048007681228996637
46,Bas-I,Gra-I,7,-1.564817369534673,0.9998571616924924,0.003360537686029765
47,Bas-I,HF-CL,1,0.2462132106663293,0.5701804089419336,0.00048007681228996637
48,Bas-I,HF-HS,1,-1.454226507474763,0.9357850357303619,0.00048007681228996637
49,Bas-I,HF-IRS,7,0.9661052914735939,0.07146334048340242,0.003360537686029765
50,Bas-I,HF-Matrix,5,-1.082910385625237,0.980481235475465,0.002400384061449832
51,Bas-I,HF-ORSB,272,3.7374862957722583,0.0,0.13058089294287087
52,Bas-I,HF-TAC,9,2.0942101172212793,0.0003338776368152496,0.0043206913106096975
53,Bas-I,MELAN,6,1.5832481979439,0.01645471846851687,0.0028804608737397984
54,Bas-I,Mast,2,-2.561141711391275,0.9999081464067703,0.0009601536245799327
55,Bas-I,Mural,22,-3.4239601818488787,1.0,0.01056168987037926
56,Bas-I,SCH,0,-inf,1.0,0.0
57,Bas-I,Spi-I,230,1.3527665799345652,0.0,0.11041766682669227
58,Bas-I,Spi-mig,0,-inf,1.0,0.0
59,Bas-I,Sweat Gland,6,-0.20224729014996484,0.6874672464024897,0.0028804608737397984
60,Bas-I,actiFB,37,-2.3265126175359296,1.0,0.017762842054728757
61,Bas-I,cDC,5,0.1418765508515937,0.4741437822516602,0.002400384061449832
62,Bas-I,cMono,2,-1.8727278620571783,0.9946059554261629,0.0009601536245799327
63,Bas-I,inflamFB,37,-2.4919703616565485,1.0,0.017762842054728757
64,Bas-I,lipidMacr,0,-inf,1.0,0.0
65,Bas-I,myoFB,0,-inf,1.0,0.0
66,Bas-I,pDC,0,-inf,1.0,0.0
67,Bas-I,papiFB,111,-0.02949186746038741,0.60134245075721,0.05328852616418627
68,Bas-I,retiFB,493,-0.5945104609764431,1.0,0.23667786845895344
69,Bas-I,trMacr,8,-3.902898780040559,1.0,0.003840614498319731
70,Bas-II,AntiInfMacr,7,-2.644563834051348,0.9999999999991376,0.0011772620248906827
71,Bas-II,Bas-I,252,4.1103236681121205,0.0,0.04238143289606458
72,Bas-II,Bas-II,988,4.526505709331905,0.0,0.16616212579885636
73,Bas-II,Bas-inflamed,492,4.390068873276324,0.0,0.08274470232088799
74,Bas-II,Bas-mig,31,0.5072438071712724,0.03606808426252883,0.005213588967373024
75,Bas-II,Bas-prolif,333,1.5635130454118427,0.0,0.05600403632694248
76,Bas-II,CD4_T,9,-1.1305414132958065,0.9975877500263652,0.0015136226034308778
77,Bas-II,CD8_T,13,-0.16651653724670396,0.6982440099240939,0.002186343760511268
78,Bas-II,DS,3,-1.7481701029372845,0.9974808079134001,0.0005045408678102926
79,Bas-II,EC,171,-1.0272332271795923,1.0,0.02875882946518668
80,Bas-II,FB_APOD,6,-1.039632917097596,0.9838918387557545,0.0010090817356205853
81,Bas-II,Gra-I,45,-0.39357581912960016,0.9762749742130986,0.0075681130171543895
82,Bas-II,HF-CL,9,1.9028815882416439,0.0008239207112974434,0.0015136226034308778
83,Bas-II,HF-HS,4,-0.9674831313417606,0.9529023990531859,0.0006727211570803902
84,Bas-II,HF-IRS,5,-1.0325781595636454,0.9752558487120903,0.0008409014463504877
85,Bas-II,HF-Matrix,49,0.6966147397356114,0.0009626240940043829,0.00824083417423478
86,Bas-II,HF-ORSB,302,2.3751715699800005,0.0,0.05079044735956946
87,Bas-II,HF-TAC,12,0.9959909926331256,0.019986349273239945,0.0020181634712411706
88,Bas-II,MELAN,4,-0.5149709266442537,0.8227670596372556,0.0006727211570803902
89,Bas-II,Mast,10,-1.75247024037091,0.9999995719484307,0.0016818028927009755
90,Bas-II,Mural,116,-2.5386674292256015,1.0,0.019508913555331315
91,Bas-II,SCH,0,-inf,1.0,0.0
92,Bas-II,Spi-I,1223,2.2502285936505793,0.0,0.2056844937773293
93,Bas-II,Spi-mig,107,0.14350669508586142,0.16082965316293507,0.017995290951900438
94,Bas-II,Sweat Gland,23,0.22309554131889425,0.25609210164773744,0.0038681466532122437
95,Bas-II,actiFB,115,-2.203732556087502,1.0,0.019340733266061217
96,Bas-II,cDC,7,-0.8859532458451622,0.9736503021507681,0.0011772620248906827
97,Bas-II,cMono,9,-1.2160594844818635,0.9988795692910132,0.0015136226034308778
98,Bas-II,inflamFB,251,-1.243136797201724,1.0,0.04221325260679448
99,Bas-II,lipidMacr,0,-inf,1.0,0.0
100,Bas-II,myoFB,0,-inf,1.0,0.0
101,Bas-II,pDC,12,0.10846572189153807,0.4364266504892701,0.0020181634712411706
102,Bas-II,papiFB,358,0.14665141958676553,0.026499979005292662,0.06020854355869492
103,Bas-II,retiFB,869,-1.289998554406952,1.0,0.14614867137571477
104,Bas-II,trMacr,111,-1.62173953755745,1.0,0.01866801210898083
105,Bas-inflamed,AntiInfMacr,4,-2.614221159084174,0.999999942655126,0.0012022843402464682
106,Bas-inflamed,Bas-I,165,4.337063555882798,0.0,0.04959422903516682
107,Bas-inflamed,Bas-II,475,4.307619777990316,0.0,0.1427712654042681
108,Bas-inflamed,Bas-inflamed,393,4.903637467220468,0.0,0.11812443642921551
109,Bas-inflamed,Bas-mig,2,-2.6092549061908246,0.9999364848378287,0.0006011421701232341
110,Bas-inflamed,Bas-prolif,160,1.3437603702527214,0.0,0.04809137360985873
111,Bas-inflamed,CD4_T,6,-0.8778063169921843,0.9635469887788226,0.0018034265103697023
112,Bas-inflamed,CD8_T,5,-0.7073305634756555,0.910105435296301,0.0015028554253080854
113,Bas-inflamed,DS,0,-inf,1.0,0.0
114,Bas-inflamed,EC,141,-0.4678367926419183,0.9999877919268529,0.04238052299368801
115,Bas-inflamed,FB_APOD,6,-0.2019353200728177,0.6873129974837183,0.0018034265103697023
116,Bas-inflamed,Gra-I,38,0.200196195009089,0.21583353925151472,0.01142170123234145
117,Bas-inflamed,HF-CL,5,1.8925822787114726,0.012031667039986815,0.0015028554253080854
118,Bas-inflamed,HF-HS,7,0.6775693877406219,0.15291064727829218,0.0021039975954313195
119,Bas-inflamed,HF-IRS,10,0.8051194374611328,0.06560514337667323,0.003005710850616171
120,Bas-inflamed,HF-Matrix,54,1.67448999480865,4.11226608321158e-13,0.016230838593327322
121,Bas-inflamed,HF-ORSB,195,2.5817947414293103,0.0,0.058611361587015326
122,Bas-inflamed,HF-TAC,7,1.056081010994352,0.05500905293466918,0.0021039975954313195
123,Bas-inflamed,MELAN,1,-1.6772733296194757,0.9595027090247079,0.00030057108506161706
124,Bas-inflamed,Mast,10,-0.9147726433461317,0.9906413543911954,0.003005710850616171
125,Bas-inflamed,Mural,76,-2.3110233138848097,1.0,0.0228434024646829
126,Bas-inflamed,SCH,0,-inf,1.0,0.0
127,Bas-inflamed,Spi-I,386,1.4241745394160508,0.0,0.11602043883378418
128,Bas-inflamed,Spi-mig,3,-4.175300193569351,1.0,0.0009017132551848512
129,Bas-inflamed,Sweat Gland,47,2.091820033964297,4.440892098500626e-16,0.014126840997896002
130,Bas-inflamed,actiFB,51,-2.539099668035603,1.0,0.015329125338142471
131,Bas-inflamed,cDC,5,-0.5336824759906256,0.8484924916863379,0.0015028554253080854
132,Bas-inflamed,cMono,10,-0.22635879401203518,0.7312838250464694,0.003005710850616171
133,Bas-inflamed,inflamFB,116,-1.5190017590001457,1.0,0.03486624586714758
134,Bas-inflamed,lipidMacr,3,-2.664562277869922,0.9999989789023489,0.0009017132551848512
135,Bas-inflamed,myoFB,0,-inf,1.0,0.0
136,Bas-inflamed,pDC,4,-0.63879918180484,0.868802003184151,0.0012022843402464682
137,Bas-inflamed,papiFB,227,0.32708172663820245,0.0003682234105781834,0.06822963630898708
138,Bas-inflamed,retiFB,664,-0.8404738928496491,1.0,0.19957920048091374
139,Bas-inflamed,trMacr,51,-1.9060324649112823,1.0,0.015329125338142471
140,Bas-mig,AntiInfMacr,0,-inf,1.0,0.0
141,Bas-mig,Bas-I,0,-inf,1.0,0.0
142,Bas-mig,Bas-II,35,0.614858117573069,0.010436459729373682,0.011041009463722398
143,Bas-mig,Bas-inflamed,4,-1.6450090091820417,0.9985026036970084,0.0012618296529968455
144,Bas-mig,Bas-mig,1201,6.690504555370906,0.0,0.37886435331230284
145,Bas-mig,Bas-prolif,583,3.278923374421952,0.0,0.18391167192429023
146,Bas-mig,CD4_T,2,-2.393029791857244,0.999694726277178,0.0006309148264984228
147,Bas-mig,CD8_T,13,0.7409200856341711,0.0531428608361183,0.004100946372239748
148,Bas-mig,DS,0,-inf,1.0,0.0
149,Bas-mig,EC,74,-1.3281957535556657,1.0,0.02334384858044164
150,Bas-mig,FB_APOD,0,-inf,1.0,0.0
151,Bas-mig,Gra-I,8,-1.9779922925783997,0.9999998601019969,0.002523659305993691
152,Bas-mig,HF-CL,0,-inf,1.0,0.0
153,Bas-mig,HF-HS,0,-inf,1.0,0.0
154,Bas-mig,HF-IRS,3,-0.8621071308489769,0.9093090945217248,0.0009463722397476341
155,Bas-mig,HF-Matrix,8,-1.0106584814987218,0.9909188920032818,0.002523659305993691
156,Bas-mig,HF-ORSB,139,2.1631445262593036,0.0,0.043848580441640375
157,Bas-mig,HF-TAC,8,1.3184651147928443,0.01677812084697239,0.002523659305993691
158,Bas-mig,MELAN,0,-inf,1.0,0.0
159,Bas-mig,Mast,5,-1.8450336174900355,0.9999178631292216,0.0015772870662460567
160,Bas-mig,Mural,38,-3.241284288028713,1.0,0.011987381703470032
161,Bas-mig,SCH,0,-inf,1.0,0.0
162,Bas-mig,Spi-I,123,-0.156028966656693,0.9000802511410708,0.038801261829652996
163,Bas-mig,Spi-mig,553,3.420612001800296,0.0,0.1744479495268139
164,Bas-mig,Sweat Gland,12,0.19193270886391242,0.36167105061688065,0.0037854889589905363
165,Bas-mig,actiFB,16,-4.141785984151002,1.0,0.005047318611987382
166,Bas-mig,cDC,9,0.3840534564204211,0.2570821603288417,0.0028391167192429023
167,Bas-mig,cMono,4,-1.4785478630433009,0.9957010209622763,0.0012618296529968455
168,Bas-mig,inflamFB,83,-1.9322042969246964,1.0,0.026182965299684544
169,Bas-mig,lipidMacr,0,-inf,1.0,0.0
170,Bas-mig,myoFB,0,-inf,1.0,0.0
171,Bas-mig,pDC,1,-2.569060155948743,0.9973986793944962,0.0003154574132492114
172,Bas-mig,papiFB,68,-1.342264893546277,1.0,0.02145110410094637
173,Bas-mig,retiFB,142,-2.9960271788357957,1.0,0.044794952681388014
174,Bas-mig,trMacr,38,-2.260791267583096,1.0,0.011987381703470032
175,Bas-prolif,AntiInfMacr,31,-1.799714587782263,1.0,0.0021144533115067185
176,Bas-prolif,Bas-I,71,0.9807987220567003,1.1461943349999615e-07,0.004842780165063775
177,Bas-prolif,Bas-II,328,1.6336983403051257,0.0,0.02237228019916786
178,Bas-prolif,Bas-inflamed,154,1.412348766571799,0.0,0.010504058386194667
179,Bas-prolif,Bas-mig,495,3.2023400696911835,0.0,0.03376304481276857
180,Bas-prolif,Bas-prolif,3277,3.560302493823155,0.0,0.2235181774776618
181,Bas-prolif,CD4_T,64,0.39754144320169565,0.018346622803834478,0.0043653229656912896
182,Bas-prolif,CD8_T,57,0.66394161671676,0.0006404746114327953,0.003887865766318805
183,Bas-prolif,DS,14,-0.8277698236610223,0.9934342838875972,0.0009549143987449696
184,Bas-prolif,EC,558,-0.6229565722964885,1.0,0.03806015960712093
185,Bas-prolif,FB_APOD,23,-0.403025603821925,0.9316545137863421,0.0015687879407953072
186,Bas-prolif,Gra-I,115,-0.34193100657508524,0.9966676522256783,0.007843939703976536
187,Bas-prolif,HF-CL,5,-0.2471074603734915,0.7085591439389836,0.00034104085669463204
188,Bas-prolif,HF-HS,0,-inf,1.0,0.0
189,Bas-prolif,HF-IRS,29,0.20148259861637846,0.24883698586119096,0.0019780369688288655
190,Bas-prolif,HF-Matrix,115,0.6254028045045927,6.416835941158716e-06,0.007843939703976536
191,Bas-prolif,HF-ORSB,789,2.4586561786081944,0.0,0.05381624718641293
192,Bas-prolif,HF-TAC,24,0.69399885057294,0.01640919602937929,0.0016369961121342337
193,Bas-prolif,MELAN,11,-0.3575314500671424,0.8330305130113416,0.0007502898847281905
194,Bas-prolif,Mast,47,-0.8218016256408207,0.9999947300990227,0.003205784052929541
195,Bas-prolif,Mural,619,-1.4248449671990948,1.0,0.04222085805879544
196,Bas-prolif,SCH,4,-1.3763904773184583,0.9926190737922768,0.0002728326853557056
197,Bas-prolif,Spi-I,1462,1.2057553590154437,0.0,0.0997203464975104
198,Bas-prolif,Spi-mig,1128,2.2395989190233223,0.0,0.07693881727030898
199,Bas-prolif,Sweat Gland,40,-0.28053046191094194,0.9094825496290578,0.0027283268535570563
200,Bas-prolif,actiFB,387,-1.7550249929476525,1.0,0.026396562308164517
201,Bas-prolif,cDC,23,-0.47173835390593916,0.9593762471630034,0.0015687879407953072
202,Bas-prolif,cMono,49,-0.07326678386915322,0.6596251940696536,0.0033422003956073937
203,Bas-prolif,inflamFB,1168,-0.32684793433266457,1.0,0.07966714412386604
204,Bas-prolif,lipidMacr,24,-1.8042520169548855,0.9999999999999979,0.0016369961121342337
205,Bas-prolif,myoFB,12,-2.269475273401946,0.9999999999999638,0.0008184980560671168
206,Bas-prolif,pDC,46,0.745073035167209,0.0006577759354002843,0.0031375758815906144
207,Bas-prolif,papiFB,823,0.045592120683949126,0.17786241923835133,0.05613532501193643
208,Bas-prolif,retiFB,2122,-1.303994122366773,1.0,0.14473773958120184
209,Bas-prolif,trMacr,547,-0.6227505231751851,1.0,0.037309869722392745
210,CD4_T,AntiInfMacr,14,-0.3524127923993858,0.8522002417039272,0.005766062602965404
211,CD4_T,Bas-I,1,-2.574805213735834,0.9974570066209419,0.00041186161449752884
212,CD4_T,Bas-II,5,-1.8077823857134476,0.9998822867234852,0.002059308072487644
213,CD4_T,Bas-inflamed,4,-1.2602945904109544,0.9862236172905139,0.0016474464579901153
214,CD4_T,Bas-mig,0,-inf,1.0,0.0
215,CD4_T,Bas-prolif,49,0.09099556410775086,0.3473966936127052,0.02018121911037891
216,CD4_T,CD4_T,32,1.9916846269138437,1.2238532409725167e-10,0.013179571663920923
217,CD4_T,CD8_T,14,1.2325497083217702,0.003319548888097712,0.005766062602965404
218,CD4_T,DS,5,0.28094653288088384,0.39372063807214,0.002059308072487644
219,CD4_T,EC,144,0.016990301028784342,0.4541726196996163,0.05930807248764415
220,CD4_T,FB_APOD,3,-0.7474818754456336,0.8790389650596473,0.0012355848434925864
221,CD4_T,Gra-I,17,-0.505815032556973,0.9478044956104836,0.00700164744645799
222,CD4_T,HF-CL,2,1.0251076284512939,0.2578829315648602,0.0008237232289950577
223,CD4_T,HF-HS,0,-inf,1.0,0.0
224,CD4_T,HF-IRS,10,1.2595728820883167,0.010551954922668139,0.004118616144975288
225,CD4_T,HF-Matrix,27,1.1289434394358342,0.00019334132598836096,0.011120263591433279
226,CD4_T,HF-ORSB,7,-1.763727205635512,0.9999856546171287,0.002883031301482702
227,CD4_T,HF-TAC,7,1.5105344556215359,0.0128338086818236,0.002883031301482702
228,CD4_T,MELAN,3,0.3621426157288645,0.41314096152216795,0.0012355848434925864
229,CD4_T,Mast,43,1.6440174610957876,1.7632273419110334e-10,0.01771004942339374
230,CD4_T,Mural,197,-0.48244556324483506,0.9999999351648403,0.08113673805601318
231,CD4_T,SCH,0,-inf,1.0,0.0
232,CD4_T,Spi-I,31,-1.75963274283797,1.0,0.012767710049423394
233,CD4_T,Spi-mig,9,-2.1358842482210108,0.9999999990444555,0.0037067545304777594
234,CD4_T,Sweat Gland,10,0.3136127218012058,0.28874787037177696,0.004118616144975288
235,CD4_T,actiFB,210,-0.042826047713791796,0.6842647787761451,0.08649093904448106
236,CD4_T,cDC,18,1.7687678751915084,1.0365857705196824e-05,0.007413509060955519
237,CD4_T,cMono,30,1.813057151336305,7.434164173147906e-09,0.012355848434925865
238,CD4_T,inflamFB,359,0.5653107243225177,6.816769371198461e-14,0.14785831960461285
239,CD4_T,lipidMacr,4,-1.7950713339638935,0.9994981261475272,0.0016474464579901153
240,CD4_T,myoFB,2,-2.2602945904109544,0.9992898443882766,0.0008237232289950577
241,CD4_T,pDC,16,1.8156542628223442,2.133704329276842e-05,0.006589785831960461
242,CD4_T,papiFB,217,0.7165379164189507,1.5231149674832523e-12,0.08937397034596375
243,CD4_T,retiFB,648,-0.4212098766847652,1.0,0.26688632619439867
244,CD4_T,trMacr,290,1.0559047277593405,0.0,0.11943986820428336
245,CD8_T,AntiInfMacr,6,-1.1980750622551506,0.9937101563336194,0.0032085561497326204
246,CD8_T,Bas-I,2,-1.1980750622551506,0.9435863402750194,0.0010695187165775401
247,CD8_T,Bas-II,13,-0.05254061097903472,0.5895426070276044,0.006951871657754011
248,CD8_T,Bas-inflamed,5,-0.561636344042909,0.8597404752130134,0.00267379679144385
249,CD8_T,Bas-mig,9,0.3918536913593549,0.25232264675918104,0.004812834224598931
250,CD8_T,Bas-prolif,44,0.31244749011052314,0.08856048257763527,0.023529411764705882
251,CD8_T,CD4_T,14,1.1757697004521308,0.004653042373695682,0.0074866310160427805
252,CD8_T,CD8_T,10,1.1238530326322116,0.018971327138996963,0.0053475935828877
253,CD8_T,DS,4,0.3357485894742048,0.3907587290706469,0.0021390374331550803
254,CD8_T,EC,95,-0.20634894060189704,0.9342500603362737,0.05080213903743316
255,CD8_T,FB_APOD,7,0.8516406973714974,0.09799784843943915,0.0037433155080213902
256,CD8_T,Gra-I,8,-1.2165477223266294,0.9981136806539954,0.0042780748663101605
257,CD8_T,HF-CL,1,0.4018377799319771,0.5313706646845325,0.0005347593582887701
258,CD8_T,HF-HS,7,1.508752983848489,0.012931463396006038,0.0037433155080213902
259,CD8_T,HF-IRS,8,1.3143749386816375,0.0170827607611026,0.0042780748663101605
260,CD8_T,HF-Matrix,30,1.6576766843615673,7.530300205615958e-08,0.016042780748663103
261,CD8_T,HF-ORSB,29,0.6636290189151388,0.01216435538438021,0.015508021390374332
262,CD8_T,HF-TAC,10,2.4018377799319772,2.7906988116832565e-05,0.0053475935828877
263,CD8_T,MELAN,0,-inf,1.0,0.0
264,CD8_T,Mast,21,0.9868002806531333,0.0029684833805819766,0.011229946524064172
265,CD8_T,Mural,178,-0.2520338002541305,0.9949465477550848,0.09518716577540107
266,CD8_T,SCH,1,-0.4055171421256272,0.7346225669763777,0.0005347593582887701
267,CD8_T,Spi-I,42,-0.9447814789654019,0.9999995329858592,0.022459893048128343
268,CD8_T,Spi-mig,2,-3.92907909818264,0.9999999999985871,0.0010695187165775401
269,CD8_T,Sweat Gland,12,0.9533772791156829,0.024548059790728605,0.006417112299465241
270,CD8_T,actiFB,149,-0.16117289343706986,0.931324741815241,0.07967914438502674
271,CD8_T,cDC,2,-1.024426974770121,0.9137841720912199,0.0010695187165775401
272,CD8_T,cMono,19,1.530824220652055,5.492193167322412e-05,0.010160427807486631
273,CD8_T,inflamFB,269,0.5256632045367736,1.2041231345349956e-09,0.14385026737967915
274,CD8_T,lipidMacr,3,-1.8333786817620543,0.9984793522945262,0.0016042780748663102
275,CD8_T,myoFB,0,-inf,1.0,0.0
276,CD8_T,pDC,7,0.9997393363606314,0.06492815880652092,0.0037433155080213902
277,CD8_T,papiFB,160,0.6536449303425166,2.0624164265292677e-08,0.0855614973262032
278,CD8_T,retiFB,524,-0.3509067265512566,0.9999999999994833,0.2802139037433155
279,CD8_T,trMacr,179,0.7365415664893455,3.877542731345329e-11,0.09572192513368984
280,DS,AntiInfMacr,9,-0.11061222100481137,0.6353768247473477,0.006818181818181818
281,DS,Bas-I,1,-1.6955747217259676,0.9610606948976095,0.0007575757575757576
282,DS,Bas-II,3,-1.6655174878697876,0.9960031620100344,0.0022727272727272726
283,DS,Bas-inflamed,0,-inf,1.0,0.0
284,DS,Bas-mig,0,-inf,1.0,0.0
285,DS,Bas-prolif,12,-1.0595212872764348,0.9987088930157442,0.00909090909090909
286,DS,CD4_T,7,0.678270040981314,0.1527040393113681,0.005303030303030303
287,DS,CD8_T,4,0.30442527827403243,0.40627322682342715,0.0030303030303030303
288,DS,DS,7,1.645603852060992,0.008015920003945243,0.005303030303030303
289,DS,EC,68,-0.1862413671533223,0.8778268171749428,0.051515151515151514
290,DS,FB_APOD,3,0.13174861656423256,0.5160150972085622,0.0022727272727272726
291,DS,Gra-I,7,-0.906692459739842,0.9765029420883781,0.005303030303030303
292,DS,HF-CL,5,3.226266215348523,0.000226028704755743,0.003787878787878788
293,DS,HF-HS,0,-inf,1.0,0.0
294,DS,HF-IRS,2,-0.18312472078917924,0.6628338647933761,0.0015151515151515152
295,DS,HF-Matrix,17,1.3407492705325712,0.0005805022682286998,0.012878787878787878
296,DS,HF-ORSB,1,-3.69185163568325,0.9999977338213512,0.0007575757575757576
297,DS,HF-TAC,2,0.5824100255737981,0.38592752702520483,0.0015151515151515152
298,DS,MELAN,1,-0.3435893929824253,0.7193314021505064,0.0007575757575757576
299,DS,Mast,18,1.2669081998458684,0.0007277378279300084,0.013636363636363636
300,DS,Mural,177,0.24233865939165236,0.011041335322325097,0.1340909090909091
301,DS,SCH,0,-inf,1.0,0.0
302,DS,Spi-I,11,-2.375166942577682,0.9999999999999919,0.008333333333333333
303,DS,Spi-mig,1,-4.4265787576534565,0.9999999996234737,0.0007575757575757576
304,DS,Sweat Gland,0,-inf,1.0,0.0
305,DS,actiFB,170,0.5315498627676536,1.0240779489967267e-06,0.12878787878787878
306,DS,cDC,6,1.0630358664802184,0.07116618461796687,0.004545454545454545
307,DS,cMono,3,-0.6296404515411911,0.8424390437565958,0.0022727272727272726
308,DS,inflamFB,142,0.10644830201401456,0.18817203978992603,0.10757575757575757
309,DS,lipidMacr,3,-1.3308783412328713,0.9807639157842309,0.0022727272727272726
310,DS,myoFB,1,-2.381064098401088,0.9946136189338842,0.0007575757575757576
311,DS,pDC,7,1.5022396768898147,0.01323082021797406,0.005303030303030303
312,DS,papiFB,107,0.5756841623854844,3.673981661467263e-05,0.08106060606060606
313,DS,retiFB,432,-0.12694188539605517,0.9899764347339951,0.32727272727272727
314,DS,trMacr,93,0.29438494086230355,0.026954435494107698,0.07045454545454545
315,EC,AntiInfMacr,170,-1.0549996776063613,1.0,0.003543069131531231
316,EC,Bas-I,55,-1.0980683994982472,0.9999999999876897,0.0011462870719659865
317,EC,Bas-II,151,-1.1959286405628042,1.0,0.0031470790521247994
318,EC,Bas-inflamed,120,-0.6580268940895089,0.9999999890652217,0.002500989975198516
319,EC,Bas-mig,68,-1.371961519600374,1.0,0.0014172276526124925
320,EC,Bas-prolif,585,-0.6360443648237635,1.0,0.012192326129092766
321,EC,CD4_T,143,-0.1530669355948401,0.9136411620015633,0.002980346387111565
322,EC,CD8_T,104,-0.17898839488181456,0.9143703195148642,0.0021675246451720474
323,EC,DS,69,-0.2370800045153826,0.9318728155373238,0.0014380692357391467
324,EC,EC,6427,1.1923721573360178,0.0,0.1339488547550072
325,EC,FB_APOD,72,-0.46714227401155045,0.9987821207052957,0.0015005939851191097
326,EC,Gra-I,126,-1.920620849594469,1.0,0.002626039473958442
327,EC,HF-CL,17,-0.19205242958543955,0.747137436310997,0.00035430691315312314
328,EC,HF-HS,7,-3.172600066919267,1.0,0.0001458910818865801
329,EC,HF-IRS,55,-0.5856183985614591,0.9996210941146813,0.0011462870719659865
330,EC,HF-Matrix,289,0.2443587204859713,0.0019840360975489357,0.006023217523603093
331,EC,HF-ORSB,146,-1.685880468100172,1.0,0.003042871136491528
332,EC,HF-TAC,48,-0.016480865001985406,0.5535014571647519,0.0010003959900794063
333,EC,MELAN,58,0.33053821084820745,0.04549729633038058,0.0012088118213459495
334,EC,Mast,271,-0.004721151539511527,0.5311217197752163,0.005648069027323316
335,EC,Mural,6908,0.3449320855406399,0.0,0.1439736562389279
336,EC,SCH,36,0.0830548085489292,0.38514827502949567,0.0007502969925595549
337,EC,Spi-I,436,-2.2502676277349924,1.0,0.009086930243221275
338,EC,Spi-mig,84,-3.218114726171636,1.0,0.0017506929826389612
339,EC,Sweat Gland,142,-0.1631911528685474,0.92624661715554,0.0029595048039849107
340,EC,actiFB,2685,-0.6709880917942128,1.0,0.055959650695066795
341,EC,cDC,109,0.06240429923904933,0.33429148454276625,0.0022717325608053187
342,EC,cMono,168,-0.006138920780526349,0.5339920221734608,0.0035013859652779224
343,EC,inflamFB,5143,0.10124222956485036,3.062786047003385e-08,0.10718826202038306
344,EC,lipidMacr,118,-1.2170511838891256,1.0,0.0024593068089452073
345,EC,myoFB,175,-0.11370637786569865,0.8683713286347416,0.0036472770471645028
346,EC,pDC,101,0.16924284628706573,0.12325737127616654,0.0021049998957920844
347,EC,papiFB,2891,0.1477166781644477,4.514649654119296e-09,0.06025301681915758
348,EC,retiFB,17539,0.03259609441814616,6.128457721110703e-05,0.3655405264583898
349,EC,trMacr,2465,-0.16125533027739328,0.9999999990400468,0.05137450240720285
350,FB_APOD,AntiInfMacr,4,-1.5408366605596786,0.9970666366028561,0.002530044275774826
351,FB_APOD,Bas-I,0,-inf,1.0,0.0
352,FB_APOD,Bas-II,5,-1.1888513318161364,0.9887463612220898,0.0031625553447185324
353,FB_APOD,Bas-inflamed,5,-0.3194354416262807,0.7465092333277736,0.0031625553447185324
354,FB_APOD,Bas-mig,1,-2.535870407666329,0.9970197633935594,0.0006325110689437065
355,FB_APOD,Bas-prolif,22,-0.4453516074728485,0.9465315902678759,0.013915243516761544
356,FB_APOD,CD4_T,5,-0.06745622430148286,0.6010018921814959,0.0031625553447185324
357,FB_APOD,CD8_T,7,0.8514807622190818,0.09803844977753018,0.004427577482605946
358,FB_APOD,DS,2,-0.42205050810916706,0.7481958336233531,0.001265022137887413
359,FB_APOD,EC,60,-0.6271130509076983,0.9999197086386711,0.03795066413662239
360,FB_APOD,FB_APOD,57,4.119376691895264,0.0,0.036053130929791274
361,FB_APOD,Gra-I,4,-1.974346819910001,0.9998896781825448,0.002530044275774826
362,FB_APOD,HF-CL,1,0.6440386823486053,0.4730708267465318,0.0006325110689437065
363,FB_APOD,HF-HS,0,-inf,1.0,0.0
364,FB_APOD,HF-IRS,2,-0.44342415890173426,0.755457750234193,0.001265022137887413
365,FB_APOD,HF-Matrix,8,-0.007013008830323203,0.5529793803768985,0.005060088551549652
366,FB_APOD,HF-ORSB,3,-2.3671885730746487,0.9999759127092519,0.0018975332068311196
367,FB_APOD,HF-TAC,1,-0.6778894125387571,0.7985491640476263,0.0006325110689437065
368,FB_APOD,MELAN,1,-0.6038888310949804,0.7817383806666094,0.0006325110689437065
369,FB_APOD,Mast,5,-0.8413881448216366,0.9442879861698336,0.0031625553447185324
370,FB_APOD,Mural,103,-0.7990658016206815,0.9999999999718139,0.06514864010120178
371,FB_APOD,SCH,1,-0.1633162397089988,0.6741689978372986,0.0006325110689437065
372,FB_APOD,Spi-I,17,-2.0074351580771945,0.9999999999999887,0.010752688172043012
373,FB_APOD,Spi-mig,1,-4.6868781957660115,0.9999999999948656,0.0006325110689437065
374,FB_APOD,Sweat Gland,1,-2.389384319188845,0.9947697575908651,0.0006325110689437065
375,FB_APOD,actiFB,66,-1.0937463921241497,0.9999999999999083,0.04174573055028463
376,FB_APOD,cDC,0,-inf,1.0,0.0
377,FB_APOD,cMono,4,-0.47490239037490223,0.8057094719242504,0.002530044275774826
378,FB_APOD,inflamFB,108,-0.5487107534397536,0.9999958945161762,0.0683111954459203
379,FB_APOD,lipidMacr,0,-inf,1.0,0.0
380,FB_APOD,myoFB,0,-inf,1.0,0.0
381,FB_APOD,pDC,3,0.019547817440811723,0.5681257593479645,0.0018975332068311196
382,FB_APOD,papiFB,135,0.6507333349226134,2.7029579707793516e-07,0.08538899430740038
383,FB_APOD,retiFB,872,0.6260554991048475,0.0,0.551549652118912
384,FB_APOD,trMacr,77,-0.23828676766338117,0.9423383833349643,0.048703352308665404
385,Gra-I,AntiInfMacr,2,-4.6155214701599325,1.0,0.0003003003003003003
386,Gra-I,Bas-I,6,-1.44559646871762,0.9989633705183937,0.0009009009009009009
387,Gra-I,Bas-II,34,-0.4980013950534131,0.9863486160808813,0.005105105105105105
388,Gra-I,Bas-inflamed,31,0.23814796427297835,0.20089983574547154,0.0046546546546546545
389,Gra-I,Bas-mig,6,-2.0255927165454266,0.9999979873802229,0.0009009009009009009
390,Gra-I,Bas-prolif,80,-0.6575399408230371,0.999996622829556,0.012012012012012012
391,Gra-I,CD4_T,18,-0.2941441273467864,0.8361798438815404,0.002702702702702703
392,Gra-I,CD8_T,4,-2.030558969438776,0.9999339441872447,0.0006006006006006006
393,Gra-I,DS,7,-0.6893803956518166,0.9334386771183254,0.001051051051051051
394,Gra-I,EC,115,-1.7631984051720953,1.0,0.017267267267267267
395,Gra-I,FB_APOD,5,-1.4662700369823698,0.9980093110662306,0.0007507507507507507
396,Gra-I,Gra-I,2740,5.370928548337634,0.0,0.4114114114114114
397,Gra-I,HF-CL,1,-1.4306461272516484,0.9333060547394177,0.00015015015015015014
398,Gra-I,HF-HS,0,-inf,1.0,0.0
399,Gra-I,HF-IRS,8,-0.518108968501988,0.8851569854312327,0.0012012012012012011
400,Gra-I,HF-Matrix,51,0.5907275235409186,0.003368001439578272,0.0076576576576576575
401,Gra-I,HF-ORSB,45,-0.5349827870663839,0.9967565492187571,0.006756756756756757
402,Gra-I,HF-TAC,10,0.5693538727483518,0.14306747182260549,0.0015015015015015015
403,Gra-I,MELAN,1,-2.6785736406952343,0.9983914883188254,0.00015015015015015014
404,Gra-I,Mast,12,-1.6530385485880963,0.9999997259256951,0.0018018018018018018
405,Gra-I,Mural,110,-2.778891424879494,1.0,0.016516516516516516
406,Gra-I,SCH,0,-inf,1.0,0.0
407,Gra-I,Spi-I,1594,2.468853105062684,0.0,0.23933933933933935
408,Gra-I,Spi-mig,857,2.981588388746234,0.0,0.1286786786786787
409,Gra-I,Sweat Gland,10,-1.1421410339017364,0.9986266173054551,0.0015015015015015015
410,Gra-I,actiFB,96,-2.6278628203617007,1.0,0.014414414414414415
411,Gra-I,cDC,2,-2.8569108819537465,0.9999926176209932,0.0003003003003003003
412,Gra-I,cMono,5,-2.2276591050877936,0.9999990833246204,0.0007507507507507507
413,Gra-I,inflamFB,163,-2.0295549109723985,1.0,0.024474474474474473
414,Gra-I,lipidMacr,0,-inf,1.0,0.0
415,Gra-I,myoFB,0,-inf,1.0,0.0
416,Gra-I,pDC,6,-1.055136992159442,0.9852354792390687,0.0009009009009009009
417,Gra-I,papiFB,148,-1.2913137060995215,1.0,0.022222222222222223
418,Gra-I,retiFB,423,-2.4922997821523825,1.0,0.06351351351351352
419,Gra-I,trMacr,70,-2.45047510101357,1.0,0.010510510510510511
420,HF-CL,AntiInfMacr,7,1.5399930883582136,0.01142986588085737,0.021406727828746176
421,HF-CL,Bas-I,0,-inf,1.0,0.0
422,HF-CL,Bas-II,5,1.0846234950441518,0.08985753308596145,0.01529051987767584
423,HF-CL,Bas-inflamed,5,1.9540393852340074,0.01016940906227981,0.01529051987767584
424,HF-CL,Bas-mig,0,-inf,1.0,0.0
425,HF-CL,Bas-prolif,6,-0.046345898528701315,0.5870617118375255,0.01834862385321101
426,HF-CL,CD4_T,4,1.8840905076714431,0.02429571006583009,0.012232415902140673
427,HF-CL,CD8_T,2,1.317600667021766,0.19196950766287202,0.0061162079510703364
428,HF-CL,DS,4,2.8514243187511212,0.0024923626056618797,0.012232415902140673
429,HF-CL,EC,19,-0.012601306212342806,0.5488546291262946,0.0581039755351682
430,HF-CL,FB_APOD,1,0.5599615045908096,0.4929597869242828,0.0030581039755351682
431,HF-CL,Gra-I,3,-0.11590949232855674,0.6319650086002659,0.009174311926605505
432,HF-CL,HF-CL,0,-inf,1.0,0.0
433,HF-CL,HF-HS,0,-inf,1.0,0.0
434,HF-CL,HF-IRS,0,-inf,1.0,0.0
435,HF-CL,HF-Matrix,2,0.2664618180299651,0.49566138588548336,0.0061162079510703364
436,HF-CL,HF-ORSB,2,-0.678676246935517,0.8304409402244142,0.0061162079510703364
437,HF-CL,HF-TAC,0,-inf,1.0,0.0
438,HF-CL,MELAN,2,2.669585995765308,0.040068507403363984,0.0061162079510703364
439,HF-CL,Mast,3,0.6951210878724458,0.2834799626558484,0.009174311926605505
440,HF-CL,Mural,32,-0.21209150194361173,0.834165641963381,0.09785932721712538
441,HF-CL,SCH,0,-inf,1.0,0.0
442,HF-CL,Spi-I,5,-1.4994950775798837,0.9986224294231102,0.01529051987767584
443,HF-CL,Spi-mig,1,-2.4134033689057235,0.9953564881074299,0.0030581039755351682
444,HF-CL,Sweat Gland,1,-0.11590949232855674,0.6623285073600363,0.0030581039755351682
445,HF-CL,actiFB,22,-0.40523406598501777,0.9357538114493578,0.0672782874617737
446,HF-CL,cDC,6,3.076211255227952,9.416551043017751e-05,0.01834862385321101
447,HF-CL,cMono,2,0.798572436485386,0.3192779574025526,0.0061162079510703364
448,HF-CL,inflamFB,30,-0.12323283313441556,0.7153911388130239,0.09174311926605505
449,HF-CL,lipidMacr,0,-inf,1.0,0.0
450,HF-CL,myoFB,0,-inf,1.0,0.0
451,HF-CL,pDC,0,-inf,1.0,0.0
452,HF-CL,papiFB,32,0.8473925647320708,0.0010840024434822793,0.09785932721712538
453,HF-CL,retiFB,86,-0.4423892441096926,0.9998933405431705,0.26299694189602446
454,HF-CL,trMacr,45,1.2602546148316804,6.546664010897985e-08,0.13761467889908258
455,HF-HS,AntiInfMacr,0,-inf,1.0,0.0
456,HF-HS,Bas-I,1,-1.3993734519569743,0.9288460531234601,0.0009302325581395349
457,HF-HS,Bas-II,2,-1.9542787188219506,0.9963282783777205,0.0018604651162790699
458,HF-HS,Bas-inflamed,8,0.9151371713679052,0.06637250891962165,0.0074418604651162795
459,HF-HS,Bas-mig,0,-inf,1.0,0.0
460,HF-HS,Bas-prolif,0,-inf,1.0,0.0
461,HF-HS,CD4_T,0,-inf,1.0,0.0
462,HF-HS,CD8_T,8,1.6006265480430257,0.0056921904331914686,0.0074418604651162795
463,HF-HS,DS,0,-inf,1.0,0.0
464,HF-HS,EC,8,-2.9775029386346685,1.0,0.0074418604651162795
465,HF-HS,FB_APOD,0,-inf,1.0,0.0
466,HF-HS,Gra-I,0,-inf,1.0,0.0
467,HF-HS,HF-CL,0,-inf,1.0,0.0
468,HF-HS,HF-HS,769,9.086939460050887,0.0,0.7153488372093023
469,HF-HS,HF-IRS,136,6.200539390230153,0.0,0.12651162790697673
470,HF-HS,HF-Matrix,62,3.5036840094381,0.0,0.05767441860465116
471,HF-HS,HF-ORSB,8,-0.3956503659142568,0.8248519831989733,0.0074418604651162795
472,HF-HS,HF-TAC,6,2.4635737960639474,0.0008947506689965801,0.005581395348837209
473,HF-HS,MELAN,0,-inf,1.0,0.0
474,HF-HS,Mast,0,-inf,1.0,0.0
475,HF-HS,Mural,0,-inf,1.0,0.0
476,HF-HS,SCH,0,-inf,1.0,0.0
477,HF-HS,Spi-I,0,-inf,1.0,0.0
478,HF-HS,Spi-mig,0,-inf,1.0,0.0
479,HF-HS,Sweat Gland,0,-inf,1.0,0.0
480,HF-HS,actiFB,0,-inf,1.0,0.0
481,HF-HS,cDC,0,-inf,1.0,0.0
482,HF-HS,cMono,2,-0.9184016824933539,0.8914957085429124,0.0018604651162790699
483,HF-HS,inflamFB,12,-3.162135047000518,1.0,0.011162790697674419
484,HF-HS,lipidMacr,0,-inf,1.0,0.0
485,HF-HS,myoFB,0,-inf,1.0,0.0
486,HF-HS,pDC,0,-inf,1.0,0.0
487,HF-HS,papiFB,8,-2.869581554246669,1.0,0.0074418604651162795
488,HF-HS,retiFB,45,-3.0937750214608557,1.0,0.04186046511627907
489,HF-HS,trMacr,0,-inf,1.0,0.0
490,HF-IRS,AntiInfMacr,0,-inf,1.0,0.0
491,HF-IRS,Bas-I,8,1.3331255905273407,0.015941854983155923,0.0061823802163833074
492,HF-IRS,Bas-II,5,-0.8998515814502732,0.9558419448862339,0.0038639876352395673
493,HF-IRS,Bas-inflamed,11,1.1070678324895173,0.015459476625237722,0.008500772797527048
494,HF-IRS,Bas-mig,2,-1.246870657300466,0.9505186377672908,0.0015455950540958269
495,HF-IRS,Bas-prolif,23,-0.09222151968726962,0.6496234939456682,0.01777434312210201
496,HF-IRS,CD4_T,8,0.8996154311770181,0.06968601497542537,0.0061823802163833074
497,HF-IRS,CD8_T,8,1.3331255905273407,0.015941854983155923,0.0061823802163833074
498,HF-IRS,DS,1,-1.133050757743304,0.888850549368123,0.0007727975270479134
499,HF-IRS,EC,47,-0.6904150444727162,0.9998967810111279,0.03632148377125193
500,HF-IRS,FB_APOD,2,-0.42451357190361527,0.7490386148738382,0.0015455950540958269
501,HF-IRS,Gra-I,8,-0.6853470695441379,0.9430594078471515,0.0061823802163833074
502,HF-IRS,HF-CL,1,0.9330384327144686,0.4080239306600677,0.0007727975270479134
503,HF-IRS,HF-HS,132,6.27699283393183,0.0,0.10200927357032458
504,HF-IRS,HF-IRS,285,7.000393700516232,0.0,0.22024729520865532
505,HF-IRS,HF-Matrix,51,2.9544120835070355,0.0,0.03941267387944358
506,HF-IRS,HF-ORSB,62,2.2910449869569334,0.0,0.04791344667697063
507,HF-IRS,HF-TAC,3,1.1960728385482624,0.14484208097652196,0.00231839258114374
508,HF-IRS,MELAN,0,-inf,1.0,0.0
509,HF-IRS,Mast,7,-0.06696156728553156,0.599265588415139,0.005409582689335394
510,HF-IRS,Mural,35,-2.0672835614930705,1.0,0.02704791344667697
511,HF-IRS,SCH,0,-inf,1.0,0.0
512,HF-IRS,Spi-I,10,-2.483970154074308,0.9999999999999964,0.0077279752704791345
513,HF-IRS,Spi-mig,5,-2.075950350512786,0.9999938211661389,0.0038639876352395673
514,HF-IRS,Sweat Gland,3,-0.5154220681018256,0.8018805686578194,0.00231839258114374
515,HF-IRS,actiFB,51,-1.1767154191452445,0.999999999999035,0.03941267387944358
516,HF-IRS,cDC,1,-1.4932263219876292,0.9404271115331535,0.0007727975270479134
517,HF-IRS,cMono,12,1.3990598607121172,0.0025504205054045492,0.00927357032457496
518,HF-IRS,inflamFB,107,-0.2731315188362122,0.9847050183814515,0.08268933539412673
519,HF-IRS,lipidMacr,1,-2.8871405297007193,0.9994040458020379,0.0007727975270479134
520,HF-IRS,myoFB,0,-inf,1.0,0.0
521,HF-IRS,pDC,3,0.30854756780667486,0.43631556185286136,0.00231839258114374
522,HF-IRS,papiFB,96,0.447879988958802,0.0015977488865284162,0.07418856259659969
523,HF-IRS,retiFB,264,-0.8087349559477619,1.0,0.20401854714064915
524,HF-IRS,trMacr,42,-0.8237561352136591,0.9999891315743606,0.03245749613601236
525,HF-Matrix,AntiInfMacr,13,-1.0941240982162423,0.9993827689825572,0.0034482758620689655
526,HF-Matrix,Bas-I,5,-0.887673220748816,0.953489775290622,0.001326259946949602
527,HF-Matrix,Bas-II,41,0.5930454221169292,0.0076391605170244015,0.010875331564986738
528,HF-Matrix,Bas-inflamed,45,1.5967624040183757,1.898453616533402e-10,0.011936339522546418
529,HF-Matrix,Bas-mig,5,-1.4676694685766227,0.9980140074873618,0.001326259946949602
530,HF-Matrix,Bas-prolif,94,0.39607846976983574,0.005503965374352382,0.02493368700265252
531,HF-Matrix,CD4_T,26,1.0573282431545914,0.0005211561502105333,0.006896551724137931
532,HF-Matrix,CD8_T,30,1.6972892799723402,4.211712179014171e-08,0.007957559681697613
533,HF-Matrix,DS,15,1.2311129317016956,0.002438686322124073,0.003978779840848806
534,HF-Matrix,EC,248,0.16646550807300264,0.034325609521062894,0.06578249336870026
535,HF-Matrix,FB_APOD,9,0.20268452337517787,0.38231155996708144,0.0023872679045092837
536,HF-Matrix,Gra-I,53,0.4998464788555421,0.0092274475320141,0.014058355437665782
537,HF-Matrix,HF-CL,2,0.3903115265509494,0.45126736271042345,0.0005305039787798408
538,HF-Matrix,HF-HS,46,3.2134337644668705,0.0,0.01220159151193634
539,HF-Matrix,HF-IRS,45,2.7947017816302844,0.0,0.011936339522546418
540,HF-Matrix,HF-Matrix,106,2.4671802899352198,0.0,0.028116710875331564
541,HF-Matrix,HF-ORSB,42,0.18643919318529928,0.21979084816887484,0.011140583554376658
542,HF-Matrix,HF-TAC,30,2.9752740272721057,0.0,0.007957559681697613
543,HF-Matrix,MELAN,4,0.14238401310736373,0.4902691883368069,0.0010610079575596816
544,HF-Matrix,Mast,34,0.6704194457436847,0.006751647414507067,0.009018567639257295
545,HF-Matrix,Mural,293,-0.5445366301793079,0.9999999999998641,0.07771883289124669
546,HF-Matrix,SCH,0,-inf,1.0,0.0
547,HF-Matrix,Spi-I,123,-0.40611064978594996,0.999638552677261,0.03262599469496021
548,HF-Matrix,Spi-mig,10,-2.6186772566763055,1.0,0.002652519893899204
549,HF-Matrix,Sweat Gland,14,0.16424344707110322,0.3712376815455617,0.003713527851458886
550,HF-Matrix,actiFB,252,-0.4145877437803426,0.9999997584471688,0.06684350132625995
551,HF-Matrix,cDC,4,-1.0359532281511485,0.9635017122051254,0.0010610079575596816
552,HF-Matrix,cMono,18,0.4412954552697542,0.12326931395895324,0.004774535809018567
553,HF-Matrix,inflamFB,471,0.3222578382119049,3.8533959478836977e-07,0.12493368700265252
554,HF-Matrix,lipidMacr,4,-2.4298674358642387,0.9999992298428386,0.0010610079575596816
555,HF-Matrix,myoFB,0,-inf,1.0,0.0
556,HF-Matrix,pDC,14,0.9882130829796038,0.013353810423123447,0.003713527851458886
557,HF-Matrix,papiFB,321,0.6466200691964298,5.329070518200751e-15,0.08514588859416446
558,HF-Matrix,retiFB,1130,-0.25374892416718453,0.9999999999999724,0.29973474801061006
559,HF-Matrix,trMacr,223,0.04209943576436629,0.33603023228775375,0.059151193633952256
560,HF-ORSB,AntiInfMacr,7,-3.1135368014526916,1.0,0.000850546780072904
561,HF-ORSB,Bas-I,274,3.762102860171387,0.0,0.03329283110571082
562,HF-ORSB,Bas-II,300,2.3379842008417646,0.0,0.03645200486026731
563,HF-ORSB,Bas-inflamed,196,2.5932912446509477,0.0,0.02381530984204131
564,HF-ORSB,Bas-mig,124,2.038270839769929,0.0,0.015066828675577158
565,HF-ORSB,Bas-prolif,807,2.3715865742170172,0.0,0.09805589307411908
566,HF-ORSB,CD4_T,15,-0.8625487865309438,0.9961929056948736,0.0018226002430133657
567,HF-ORSB,CD8_T,24,0.24903327793201657,0.22448903904336304,0.0029161603888213854
568,HF-ORSB,DS,2,-2.8021055710597844,0.9999878501386138,0.00024301336573511544
569,HF-ORSB,EC,214,-1.172591723065687,1.0,0.026002430133657353
570,HF-ORSB,FB_APOD,3,-2.508605884498939,0.9999942009685889,0.00036452004860267317
571,HF-ORSB,Gra-I,38,-1.1064743694170331,0.9999999824207525,0.004617253948967193
572,HF-ORSB,HF-CL,6,0.8489461201191444,0.11978782177728697,0.0007290400972053463
573,HF-ORSB,HF-HS,9,-0.2665310973007917,0.7537652428613852,0.0010935601458080195
574,HF-ORSB,HF-IRS,79,2.4803015263247516,0.0,0.00959902794653706
575,HF-ORSB,HF-Matrix,48,0.1978944289402158,0.187591984569615,0.005832320777642771
576,HF-ORSB,HF-ORSB,3591,5.477963800918236,0.0,0.4363304981773998
577,HF-ORSB,HF-TAC,7,-0.25058955343177003,0.7265058151895645,0.000850546780072904
578,HF-ORSB,MELAN,4,-0.9839438940455976,0.9558574103029711,0.0004860267314702309
579,HF-ORSB,Mast,10,-2.221443207772254,0.9999999999845908,0.001215066828675577
580,HF-ORSB,Mural,149,-2.6464528712923556,1.0,0.018104495747266098
581,HF-ORSB,SCH,0,-inf,1.0,0.0
582,HF-ORSB,Spi-I,532,0.5803293732230383,0.0,0.0646415552855407
583,HF-ORSB,Spi-mig,219,0.7078538008845443,5.352496224020342e-12,0.02660996354799514
584,HF-ORSB,Sweat Gland,16,-0.7694393821394623,0.9925632778612954,0.0019441069258809235
585,HF-ORSB,actiFB,110,-2.736835860908561,1.0,0.013365735115431349
586,HF-ORSB,cDC,3,-2.5773186345829533,0.9999972574975348,0.00036452004860267317
587,HF-ORSB,cMono,9,-1.6850324518832072,0.9999959751949496,0.0010935601458080195
588,HF-ORSB,inflamFB,192,-2.0986908178326833,1.0,0.023329283110571083
589,HF-ORSB,lipidMacr,6,-2.9712328422960437,0.9999999999999942,0.0007290400972053463
590,HF-ORSB,myoFB,0,-inf,1.0,0.0
591,HF-ORSB,pDC,7,-1.1381148241733574,0.9943290571297613,0.000850546780072904
592,HF-ORSB,papiFB,247,-0.857770093494157,1.0,0.030012150668286757
593,HF-ORSB,retiFB,867,-1.7622957054008608,1.0,0.10534629404617255
594,HF-ORSB,trMacr,115,-2.0396383203645247,1.0,0.013973268529769137
595,HF-TAC,AntiInfMacr,3,-1.003444775625835,0.9394123001564221,0.0036719706242350062
596,HF-TAC,Bas-I,9,2.1664802258164775,0.0002326000605048506,0.011015911872705019
597,HF-TAC,Bas-II,12,1.0266124582303449,0.01730150323471924,0.014687882496940025
598,HF-TAC,Bas-inflamed,6,0.8960283484202005,0.10767119041274276,0.0073439412484700125
599,HF-TAC,Bas-mig,4,0.4165589765463581,0.3520572886593759,0.004895960832313341
600,HF-TAC,Bas-prolif,18,0.21757115954485404,0.29165966490977246,0.022031823745410038
601,HF-TAC,CD4_T,5,0.8849731599112047,0.13778767013244653,0.006119951040391677
602,HF-TAC,CD8_T,11,2.455986843011462,7.96404335079437e-06,0.01346389228886169
603,HF-TAC,DS,1,-0.4696211238964798,0.7500856270108857,0.0012239902080783353
604,HF-TAC,EC,52,0.11886545583756288,0.28985359808586875,0.06364749082007344
605,HF-TAC,FB_APOD,3,0.823878562664365,0.24126940223256144,0.0036719706242350062
606,HF-TAC,Gra-I,10,0.30001065919004866,0.29807000414064255,0.012239902080783354
607,HF-TAC,HF-CL,0,-inf,1.0,0.0
608,HF-TAC,HF-HS,5,2.217956443307563,0.004874039690569432,0.006119951040391677
609,HF-TAC,HF-IRS,3,1.0939677260321092,0.16761320230069243,0.0036719706242350062
610,HF-TAC,HF-Matrix,32,2.945416375382364,0.0,0.03916768665850673
611,HF-TAC,HF-ORSB,4,-0.9997216895831179,0.9583494173573281,0.004895960832313341
612,HF-TAC,HF-TAC,5,2.596468066561293,0.0015998688142686568,0.006119951040391677
613,HF-TAC,MELAN,1,0.34854055311770693,0.5444099563370062,0.0012239902080783353
614,HF-TAC,Mast,8,0.7891131445036883,0.09694047673385664,0.009791921664626682
615,HF-TAC,Mural,35,-1.4038539276462463,0.9999999999997768,0.042839657282741736
616,HF-TAC,SCH,0,-inf,1.0,0.0
617,HF-TAC,Spi-I,55,0.6388910984098128,0.0009990262205550327,0.06731946144430845
618,HF-TAC,Spi-mig,4,-1.7344488115533248,0.9992348095636427,0.004895960832313341
619,HF-TAC,Sweat Gland,5,0.8849731599112047,0.13778767013244653,0.006119951040391677
620,HF-TAC,actiFB,28,-1.378356205212312,0.9999999998383942,0.03427172582619339
621,HF-TAC,cDC,4,1.1702033118591946,0.1047992866694879,0.004895960832313341
622,HF-TAC,cMono,5,0.7994550887251475,0.16342737463164825,0.006119951040391677
623,HF-TAC,inflamFB,121,0.5676943658840596,9.217856119625445e-06,0.1481028151774786
624,HF-TAC,lipidMacr,0,-inf,1.0,0.0
625,HF-TAC,myoFB,0,-inf,1.0,0.0
626,HF-TAC,pDC,5,1.7089427958197052,0.01981774386485502,0.006119951040391677
627,HF-TAC,papiFB,93,1.0655059331925014,2.91876522950929e-11,0.11383108935128519
628,HF-TAC,retiFB,223,-0.3887995415390866,0.9999998884602261,0.2729498164014688
629,HF-TAC,trMacr,47,0.001944927532041942,0.5173646872405945,0.05752753977968176
630,MELAN,AntiInfMacr,13,1.2144720664362387,0.004965577532525911,0.017082785808147174
631,MELAN,Bas-I,5,1.4209229439036652,0.04119348562636871,0.006570302233902759
632,MELAN,Bas-II,5,-0.13398232296131113,0.641342175567595,0.006570302233902759
633,MELAN,Bas-inflamed,1,-1.5864945276588176,0.9507368557794403,0.001314060446780552
634,MELAN,Bas-mig,0,-inf,1.0,0.0
635,MELAN,Bas-prolif,12,-0.26495171653416444,0.7763594293816982,0.01576872536136662
636,MELAN,CD4_T,2,-0.33451531033401977,0.7178283953270747,0.002628120893561104
637,MELAN,CD8_T,0,-inf,1.0,0.0
638,MELAN,DS,1,-0.3671814992543417,0.7251545191877813,0.001314060446780552
639,MELAN,EC,53,0.24878581690180768,0.11322093535142774,0.06964520367936924
640,MELAN,FB_APOD,4,1.3413556865853469,0.07559920386282182,0.005256241787122208
641,MELAN,Gra-I,2,-1.9194778110551758,0.9957028336659948,0.002628120893561104
642,MELAN,HF-CL,2,2.6989076912034307,0.03862791340612026,0.002628120893561104
643,MELAN,HF-HS,0,-inf,1.0,0.0
644,MELAN,HF-IRS,0,-inf,1.0,0.0
645,MELAN,HF-Matrix,3,-0.3671814992543419,0.7430281440739299,0.003942181340341655
646,MELAN,HF-ORSB,2,-1.8972820649409796,0.9952366977141262,0.002628120893561104
647,MELAN,HF-TAC,1,0.37697959631606837,0.5373612024496102,0.001314060446780552
648,MELAN,MELAN,0,-inf,1.0,0.0
649,MELAN,Mast,8,0.8915527691458265,0.07127462313263921,0.010512483574244415
650,MELAN,Mural,61,-0.49995998238618844,0.9989632519038554,0.08015768725361366
651,MELAN,SCH,0,-inf,1.0,0.0
652,MELAN,Spi-I,9,-1.870103989030396,0.99999985192007,0.011826544021024968
653,MELAN,Spi-mig,2,-2.6320091869111866,0.9999495602617026,0.002628120893561104
654,MELAN,Sweat Gland,2,-0.33451531033401977,0.7178283953270747,0.002628120893561104
655,MELAN,actiFB,56,-0.2759165805701738,0.9445844026715385,0.0735873850197109
656,MELAN,cDC,1,-0.7273570634986672,0.8095193947434358,0.001314060446780552
657,MELAN,cMono,7,1.3873215405375272,0.019450424797316956,0.009198423127463863
658,MELAN,inflamFB,102,0.42369609522309853,0.0015385052529153231,0.1340341655716163
659,MELAN,lipidMacr,7,0.6860836508458471,0.14964644121445603,0.009198423127463863
660,MELAN,myoFB,0,-inf,1.0,0.0
661,MELAN,pDC,2,0.489454325574481,0.4168322468096193,0.002628120893561104
662,MELAN,papiFB,71,0.7785338662312898,9.590623436306345e-06,0.09329829172141918
663,MELAN,retiFB,250,-0.12147553215516631,0.9561052378953564,0.328515111695138
664,MELAN,trMacr,77,0.8165822411914441,1.5295433297701777e-06,0.1011826544021025
665,Mast,AntiInfMacr,26,-0.22849321992022528,0.815971671314752,0.006283228612856452
666,Mast,Bas-I,2,-2.343970437340161,0.9995796157289061,0.0004833252779120348
667,Mast,Bas-II,12,-1.3139132034839816,0.9999340893449538,0.0028999516674722086
668,Mast,Bas-inflamed,6,-1.4444973132941257,0.9989466905965806,0.0014499758337361043
669,Mast,Bas-mig,3,-2.3390041844468117,0.9999680793686039,0.0007249879168680521
670,Mast,Bas-prolif,53,-0.5649590490485854,0.9991209261052372,0.012808119864668923
671,Mast,CD4_T,38,1.4704469167531016,4.399109143626845e-08,0.00918318028032866
672,Mast,CD8_T,25,1.2998857524345635,5.484570454672433e-05,0.006041565973900435
673,Mast,DS,19,1.4377807278327794,0.0001242445151224958,0.00459159014016433
674,Mast,EC,244,0.008637413545030904,0.47086990426851294,0.05896568390526825
675,Mast,FB_APOD,6,-0.5166470990499612,0.8575486996684313,0.0014499758337361043
676,Mast,Gra-I,12,-1.7774805966904836,0.9999999778617739,0.0028999516674722086
677,Mast,HF-CL,2,0.2559424048469667,0.4995111776749752,0.0004833252779120348
678,Mast,HF-HS,0,-inf,1.0,0.0
679,Mast,HF-IRS,8,0.16847956359662705,0.4189587324963544,0.0019333011116481392
680,Mast,HF-Matrix,32,0.604890713668038,0.015068091257082084,0.007733204446592557
681,Mast,HF-ORSB,7,-2.5328924292398396,0.9999999999853899,0.0016916384726921219
682,Mast,HF-TAC,8,0.9340143099596043,0.062470720319064865,0.0019333011116481392
683,Mast,MELAN,7,0.8153698134609851,0.10773028685697672,0.0016916384726921219
684,Mast,Mast,46,0.9721494388463754,2.1958120564158357e-05,0.011116481391976801
685,Mast,Mural,581,0.30873174709898993,5.380425549539325e-08,0.1404059932334461
686,Mast,SCH,3,0.03354998351051836,0.5618189748194071,0.0007249879168680521
687,Mast,Spi-I,43,-2.056729522127075,1.0,0.010391493475108747
688,Mast,Spi-mig,6,-3.4900119725464944,1.0,0.0014499758337361043
689,Mast,Sweat Gland,12,-0.19251809596932765,0.7160561858432638,0.0028999516674722086
690,Mast,actiFB,458,0.3129669991127018,1.2548475131213266e-06,0.11068148864185597
691,Mast,cDC,5,-0.8483942549677689,0.9457435326558511,0.001208313194780087
692,Mast,cMono,27,0.8918888342869276,0.002115061911017513,0.00652489125181247
693,Mast,inflamFB,499,0.2712014722323993,8.471865346248997e-06,0.12058965683905268
694,Mast,lipidMacr,4,-2.564236557568221,0.9999998792037883,0.0009666505558240696
695,Mast,myoFB,5,-1.7075317191279193,0.999702736326967,0.001208313194780087
696,Mast,pDC,13,0.7469287573591088,0.051716668440710545,0.003141614306428226
697,Mast,papiFB,304,0.4337489738137291,1.3497996198541529e-07,0.07346544224262928
698,Mast,retiFB,1238,-0.25642950395945285,0.9999999999999991,0.29917834702754953
699,Mast,trMacr,384,0.6917929148612347,0.0,0.09279845335911067
700,Mural,AntiInfMacr,134,-2.289805624832321,1.0,0.0015054488259746096
701,Mural,Bas-I,25,-3.1270761247942125,1.0,0.0002808673182788451
702,Mural,Bas-II,113,-2.5056586190187256,1.0,0.0012695202786203797
703,Mural,Bas-inflamed,68,-2.368958849993718,1.0,0.0007639591057184587
704,Mural,Bas-mig,45,-2.859075466067069,1.0,0.0005055611729019212
705,Mural,Bas-prolif,618,-1.4483783529361858,1.0,0.00694304010785305
706,Mural,CD4_T,205,-0.5249623744138138,0.9999999979777147,0.0023031120098865295
707,Mural,CD8_T,195,-0.16360200081932658,0.9589982607370756,0.0021907650825749914
708,Mural,DS,162,0.10274134004504278,0.17831615859803207,0.001820020222446916
709,Mural,EC,6560,0.33041829825881464,0.0,0.07369958431636894
710,Mural,FB_APOD,106,-0.800651022436694,0.999999999986207,0.0011908774295023032
711,Mural,Gra-I,113,-2.9692260122252283,1.0,0.0012695202786203797
712,Mural,HF-CL,30,-0.26412887677329083,0.8777537334210106,0.0003370407819346141
713,Mural,HF-HS,0,-inf,1.0,0.0
714,Mural,HF-IRS,35,-2.1291992966871827,1.0,0.0003932142455903831
715,Mural,HF-Matrix,314,-0.5274504146691109,0.9999999999998677,0.003527693517582294
716,Mural,HF-ORSB,113,-2.947030266111032,1.0,0.0012695202786203797
717,Mural,HF-TAC,41,-1.1353955626510879,0.9999999995666273,0.00046062240197730593
718,Mural,MELAN,53,-0.6910265312621957,0.9999732231134675,0.0005954387147511516
719,Mural,Mast,583,0.20897767876108284,0.00014120028146402674,0.006549825862262667
720,Mural,Mural,30485,1.5951874420095162,0.0,0.34248960790922367
721,Mural,SCH,301,2.2552452823202884,0.0,0.003381642512077295
722,Mural,Spi-I,405,-3.2481780562859615,1.0,0.00455005055611729
723,Mural,Spi-mig,21,-6.1096189277176665,1.0,0.00023592854735422986
724,Mural,Sweat Gland,125,-1.2386581892571726,1.0,0.0014043365913942254
725,Mural,actiFB,6326,-0.32612082569562423,1.0,0.07107066621727896
726,Mural,cDC,78,-1.3118820082216591,1.0,0.0008763060330299966
727,Mural,cMono,148,-1.080507179476367,1.0,0.0016627345242107628
728,Mural,inflamFB,5982,-0.572244215214285,1.0,0.06720593191776204
729,Mural,lipidMacr,52,-3.2907587166559047,1.0,0.0005842040220199978
730,Mural,myoFB,414,0.23706526625526753,0.00027559506287599955,0.004651162790697674
731,Mural,pDC,134,-0.31438364755298687,0.9974613010594774,0.0015054488259746096
732,Mural,papiFB,3311,-0.5480891214616329,1.0,0.03719806763285024
733,Mural,retiFB,28053,-0.18131953933481315,1.0,0.3151668351870576
734,Mural,trMacr,3662,-0.4817153872913605,1.0,0.04114144478148522
735,SCH,AntiInfMacr,0,-inf,1.0,0.0
736,SCH,Bas-I,0,-inf,1.0,0.0
737,SCH,Bas-II,0,-inf,1.0,0.0
738,SCH,Bas-inflamed,0,-inf,1.0,0.0
739,SCH,Bas-mig,0,-inf,1.0,0.0
740,SCH,Bas-prolif,5,-1.0673691490991195,0.9794917061654528,0.009041591320072333
741,SCH,CD4_T,0,-inf,1.0,0.0
742,SCH,CD8_T,1,-0.4403881777148588,0.7431112364227955,0.0018083182640144665
743,SCH,DS,1,0.09343547401449653,0.6087510667151431,0.0018083182640144665
744,SCH,EC,35,0.11076535255241363,0.34437172047230813,0.06329113924050633
745,SCH,FB_APOD,1,-0.19802734014581477,0.6829582094863501,0.0018083182640144665
746,SCH,Gra-I,0,-inf,1.0,0.0
747,SCH,HF-CL,0,-inf,1.0,0.0
748,SCH,HF-HS,0,-inf,1.0,0.0
749,SCH,HF-IRS,0,-inf,1.0,0.0
750,SCH,HF-Matrix,0,-inf,1.0,0.0
751,SCH,HF-ORSB,0,-inf,1.0,0.0
752,SCH,HF-TAC,0,-inf,1.0,0.0
753,SCH,MELAN,0,-inf,1.0,0.0
754,SCH,Mast,3,-0.06286775686417885,0.6068443705652702,0.0054249547920434
755,SCH,Mural,294,2.229591998156128,0.0,0.5316455696202531
756,SCH,SCH,6,3.9371322431358213,3.424915976157905e-06,0.0108499095840868
757,SCH,Spi-I,0,-inf,1.0,0.0
758,SCH,Spi-mig,0,-inf,1.0,0.0
759,SCH,Sweat Gland,0,-inf,1.0,0.0
760,SCH,actiFB,43,-0.19638977465684154,0.8442563037558779,0.07775768535262206
761,SCH,cDC,0,-inf,1.0,0.0
762,SCH,cMono,1,-0.9594164082512384,0.8575310948457098,0.0018083182640144665
763,SCH,inflamFB,21,-1.3957948507007982,0.9999999870858766,0.0379746835443038
764,SCH,lipidMacr,0,-inf,1.0,0.0
765,SCH,myoFB,1,-1.1258775543899793,0.8877947267837023,0.0018083182640144665
766,SCH,pDC,0,-inf,1.0,0.0
767,SCH,papiFB,11,-1.4511646613672564,0.9999856965865837,0.019891500904159132
768,SCH,retiFB,104,-0.9262031254073229,1.0,0.18806509945750452
769,SCH,trMacr,26,-0.28914760809352674,0.8763049439931594,0.04701627486437613
770,Spi-I,AntiInfMacr,17,-3.9539001551743063,1.0,0.00047503283315170313
771,Spi-I,Bas-I,243,1.468412007902291,0.0,0.006790175203286109
772,Spi-I,Bas-II,1295,2.32743062000545,0.0,0.0361863246430268
773,Spi-I,Bas-inflamed,391,1.469134924928742,0.0,0.010925755162489172
774,Spi-I,Bas-mig,129,-0.025169488108042322,0.5929800417647255,0.0036046609103864533
775,Spi-I,Bas-prolif,1727,1.348742805553811,0.0,0.048257747226646545
776,Spi-I,CD4_T,35,-1.7606276381088457,1.0,0.0009780087741358594
777,Spi-I,CD8_T,37,-1.2469471300745398,0.9999999998584325,0.0010338949898007657
778,Spi-I,DS,9,-2.752651842531822,1.0,0.00025148797049207814
779,Spi-I,EC,457,-2.198479627323114,1.0,0.012770000279431079
780,Spi-I,FB_APOD,20,-1.8921115632470835,0.999999999999992,0.0005588621566490625
781,Spi-I,Gra-I,2079,2.5468008870834016,0.0,0.058093721183670045
782,Spi-I,HF-CL,4,-1.856487653516362,0.999742191471886,0.0001117724313298125
783,Spi-I,HF-HS,0,-inf,1.0,0.0
784,Spi-I,HF-IRS,12,-2.3589879940455454,0.999999999999999,0.0003353172939894375
785,Spi-I,HF-Matrix,136,-0.4200765034449512,0.9998847236938334,0.003800262665213625
786,Spi-I,HF-ORSB,561,0.6791795509480207,0.0,0.015676083494006204
787,Spi-I,HF-TAC,52,0.5220239697373679,0.006634425886389295,0.0014530416072875624
788,Spi-I,MELAN,10,-1.7824870720725854,0.9999998189549675,0.00027943107832453123
789,Spi-I,Mast,50,-2.0199863857992413,1.0,0.0013971553916226564
790,Spi-I,Mural,391,-3.375067867361515,1.0,0.010925755162489172
791,Spi-I,SCH,0,-inf,1.0,0.0
792,Spi-I,Spi-I,21465,3.794274217142685,0.0,0.5997988096236063
793,Spi-I,Spi-mig,1391,1.25450217291126,0.0,0.0388688629949423
794,Spi-I,Sweat Gland,101,-0.23169917230201756,0.9584379375911893,0.0028222538910777657
795,Spi-I,actiFB,367,-3.1190305945043577,1.0,0.010255120574510296
796,Spi-I,cDC,31,-1.3285560978315845,0.9999999997544173,0.0008662363428060469
797,Spi-I,cMono,30,-2.068538130631351,1.0,0.0008382932349735938
798,Spi-I,inflamFB,678,-2.398983128331846,1.0,0.01894542711040322
799,Spi-I,lipidMacr,6,-5.091704115210393,1.0,0.00016765864699471876
800,Spi-I,myoFB,0,-inf,1.0,0.0
801,Spi-I,pDC,21,-1.6736235963665516,0.9999999999931228,0.0005868052644815156
802,Spi-I,papiFB,862,-1.1750645389040864,1.0,0.024086958951574595
803,Spi-I,retiFB,2818,-2.1821992652274096,1.0,0.07874367787185291
804,Spi-I,trMacr,362,-2.5057537571400443,1.0,0.010115405035348031
805,Spi-mig,AntiInfMacr,0,-inf,1.0,0.0
806,Spi-mig,Bas-I,0,-inf,1.0,0.0
807,Spi-mig,Bas-II,134,0.39596816903536963,0.0011441174726093406,0.009486725663716814
808,Spi-mig,Bas-inflamed,5,-3.4787770363451846,1.0,0.00035398230088495576
809,Spi-mig,Bas-mig,511,3.301967478552388,0.0,0.03617699115044248
810,Spi-mig,Bas-prolif,1434,2.421704487872855,0.0,0.10152212389380531
811,Spi-mig,CD4_T,14,-1.741370991850145,0.9999999959020459,0.000991150442477876
812,Spi-mig,CD8_T,0,-inf,1.0,0.0
813,Spi-mig,DS,2,-3.581392102828071,0.9999999991967224,0.0001415929203539823
814,Spi-mig,EC,96,-3.1083827405139646,1.0,0.006796460176991151
815,Spi-mig,FB_APOD,2,-3.872854916988383,0.9999999999956714,0.0001415929203539823
816,Spi-mig,Gra-I,1412,3.3298359586422754,0.0,0.09996460176991151
817,Spi-mig,HF-CL,1,-2.5153029123702986,0.9968803678031326,7.079646017699115e-05
818,Spi-mig,HF-HS,0,-inf,1.0,0.0
819,Spi-mig,HF-IRS,8,-1.6027657536206381,0.9999662175466748,0.0005663716814159292
820,Spi-mig,HF-Matrix,16,-2.166354603549227,0.9999999999999998,0.0011327433628318584
821,Spi-mig,HF-ORSB,237,0.7772505803835501,5.773159728050814e-15,0.016778761061946902
822,Spi-mig,HF-TAC,4,-1.837231007257661,0.9996564737439677,0.0002831858407079646
823,Spi-mig,MELAN,1,-3.7632304258138842,0.9999988861589358,7.079646017699115e-05
824,Spi-mig,Mast,7,-3.5153029123702986,1.0,0.000495575221238938
825,Spi-mig,Mural,28,-5.8375530014652,1.0,0.001982300884955752
826,Spi-mig,SCH,0,-inf,1.0,0.0
827,Spi-mig,Spi-I,1610,1.3986053789555415,0.0,0.11398230088495576
828,Spi-mig,Spi-mig,8161,5.148310436404295,0.0,0.5777699115044248
829,Spi-mig,Sweat Gland,3,-3.9637634131865926,1.0,0.00021238938053097346
830,Spi-mig,actiFB,16,-6.297482106201507,1.0,0.0011327433628318584
831,Spi-mig,cDC,0,-inf,1.0,0.0
832,Spi-mig,cMono,0,-inf,1.0,0.0
833,Spi-mig,inflamFB,127,-3.4742551635499606,1.0,0.008991150442477875
834,Spi-mig,lipidMacr,0,-inf,1.0,0.0
835,Spi-mig,myoFB,0,-inf,1.0,0.0
836,Spi-mig,pDC,11,-1.2653246593619512,0.9997878816956437,0.0007787610619469027
837,Spi-mig,papiFB,62,-3.6312275464602464,1.0,0.004389380530973451
838,Spi-mig,retiFB,180,-4.809617324061308,1.0,0.012743362831858408
839,Spi-mig,trMacr,43,-4.238150148375089,1.0,0.0030442477876106194
840,Sweat Gland,AntiInfMacr,17,-0.2866960153258991,0.8244639309830644,0.006034788782392616
841,Sweat Gland,Bas-I,3,-1.204233855133926,0.9686960979555518,0.0010649627263045794
842,Sweat Gland,Bas-II,20,-0.022173527832696202,0.5576458335763134,0.007099751508697196
843,Sweat Gland,Bas-inflamed,45,2.0171673637994716,1.2989609388114332e-14,0.01597444089456869
844,Sweat Gland,Bas-mig,17,0.7182702375674502,0.03447913202695174,0.006034788782392616
845,Sweat Gland,Bas-prolif,40,-0.4161773272393433,0.9766700722337666,0.014199503017394392
846,Sweat Gland,CD4_T,12,0.36225598551575144,0.23008972087019863,0.004259850905218318
847,Sweat Gland,CD8_T,13,0.9112433622860099,0.024386534911741364,0.004614838480653177
848,Sweat Gland,DS,1,-2.255372704125727,0.9916639433978581,0.0003549875754348598
849,Sweat Gland,EC,153,-0.10993799984012488,0.8447500247458122,0.054313099041533544
850,Sweat Gland,FB_APOD,1,-2.5468355182860383,0.9971488527404526,0.0003549875754348598
851,Sweat Gland,Gra-I,14,-1.000314093868957,0.9987895374358191,0.004969826056088037
852,Sweat Gland,HF-CL,1,-0.18928351366795454,0.6809681696002856,0.0003549875754348598
853,Sweat Gland,HF-HS,0,-inf,1.0,0.0
854,Sweat Gland,HF-IRS,2,-1.276746354918294,0.9544322352927199,0.0007099751508697196
855,Sweat Gland,HF-Matrix,19,0.40759230859670215,0.13516613565101843,0.0067447639332623354
856,Sweat Gland,HF-ORSB,10,-1.4635451749250028,0.9999643128272387,0.003549875754348598
857,Sweat Gland,HF-TAC,5,0.8107164863320456,0.15985207722488304,0.001774937877174299
858,Sweat Gland,MELAN,3,0.14775147360961616,0.5087173717613508,0.0010649627263045794
859,Sweat Gland,Mast,15,-0.08974784011704011,0.629849703979882,0.005324813631522897
860,Sweat Gland,Mural,124,-1.364692214433585,1.0,0.04401845935392261
861,Sweat Gland,SCH,0,-inf,1.0,0.0
862,Sweat Gland,Spi-I,100,-0.28436400556936925,0.9829546569938479,0.03549875754348598
863,Sweat Gland,Spi-mig,4,-3.5202003917825717,0.9999999999999999,0.0014199503017394391
864,Sweat Gland,Sweat Gland,635,6.087906266454123,0.0,0.22541711040113596
865,Sweat Gland,actiFB,110,-1.1901029939745034,1.0,0.039048633297834576
866,Sweat Gland,cDC,3,-1.0305857676488963,0.944011874816314,0.0010649627263045794
867,Sweat Gland,cMono,11,0.15120703224583534,0.40509159702221176,0.0039048633297834577
868,Sweat Gland,inflamFB,186,-0.597761640511751,0.9999999999181395,0.06602768903088392
869,Sweat Gland,lipidMacr,3,-2.424499975361986,0.9999859710655284,0.0010649627263045794
870,Sweat Gland,myoFB,0,-inf,1.0,0.0
871,Sweat Gland,pDC,10,0.9231912155904579,0.04240970062187921,0.003549875754348598
872,Sweat Gland,papiFB,172,0.16686029655732051,0.06592519387605589,0.06105786297479588
873,Sweat Gland,retiFB,901,-0.1600677258751,0.999987629383738,0.3198438054668087
874,Sweat Gland,trMacr,167,0.045308788099209664,0.3488638402089005,0.059282925097621585
875,actiFB,AntiInfMacr,287,-0.7923780983451199,1.0,0.004250466514617458
876,actiFB,Bas-I,14,-3.564967602242047,1.0,0.00020733982998133942
877,actiFB,Bas-II,90,-2.435374694834953,1.0,0.0013328989070228961
878,actiFB,Bas-inflamed,45,-2.5659588046450974,1.0,0.0006664494535114481
879,actiFB,Bas-mig,6,-5.367356271406302,1.0,8.885992713485975e-05
880,actiFB,Bas-prolif,355,-1.84955637617923,1.0,0.005257545688812535
881,actiFB,CD4_T,221,-0.017930124258542356,0.586823990916723,0.0032730073161340006
882,actiFB,CD8_T,159,-0.059439569015295894,0.7181000156969031,0.002354788069073783
883,actiFB,DS,182,0.6692957676284005,5.190872176541461e-10,0.0026954177897574125
884,actiFB,EC,2391,-0.7270535962657174,1.0,0.03541068096324161
885,actiFB,FB_APOD,69,-1.0214372299524384,0.9999999999982534,0.001021889162050887
886,actiFB,Gra-I,102,-2.7183698423996345,1.0,0.0015106187612926158
887,actiFB,HF-CL,24,-0.18744718139136712,0.7748351861689697,0.000355439708539439
888,actiFB,HF-HS,0,-inf,1.0,0.0
889,actiFB,HF-IRS,50,-1.2160163335881384,0.999999999999752,0.0007404993927904979
890,actiFB,HF-Matrix,267,-0.36276544160389823,0.9999966197490142,0.0039542667575012585
891,actiFB,HF-ORSB,79,-3.064818690079831,1.0,0.0011699890406089866
892,actiFB,HF-TAC,28,-1.2869828549422817,0.9999999966502702,0.00041467965996267884
893,actiFB,MELAN,59,-0.13769414619426776,0.7958221361671413,0.0008737892834927875
894,actiFB,Mast,455,0.24995813091593122,8.505059117802638e-05,0.006738544474393531
895,actiFB,Mural,6281,-0.28523613926488883,1.0,0.09302153372234234
896,actiFB,SCH,39,-0.2943623853078792,0.9242692701963288,0.0005775895263765884
897,actiFB,Spi-I,320,-3.1894182689013,1.0,0.004739196113859187
898,actiFB,Spi-mig,17,-6.015863718976801,1.0,0.0002517697935487693
899,actiFB,Sweat Gland,99,-1.1764760635703644,1.0,0.0014661887977251858
900,actiFB,actiFB,14977,1.315872174227021,0.0,0.22180918811646574
901,actiFB,cDC,143,-0.03880310003623184,0.6441762641952313,0.002117828263380824
902,actiFB,cMono,236,-0.008707705474189694,0.5485220405641957,0.00349515713397115
903,actiFB,inflamFB,6632,-0.024818328568600678,0.9397767493275743,0.09821983945973164
904,actiFB,lipidMacr,105,-1.8783431268615887,1.0,0.0015550487248600455
905,actiFB,myoFB,151,-0.8194071616496929,0.9999999999999996,0.002236308166227304
906,actiFB,pDC,111,-0.18744718139136732,0.9327777980040959,0.0016439086519949055
907,actiFB,papiFB,3345,-0.13474013106052296,0.9999999981163946,0.04953940937768431
908,actiFB,retiFB,26283,0.12326514689172975,0.0,0.3892509108142531
909,actiFB,trMacr,3900,0.007736735817561678,0.3617039873468647,0.05775895263765884
910,cDC,AntiInfMacr,29,1.2355442568879118,3.20421606181398e-05,0.017334130304841603
911,cDC,Bas-I,1,-2.0374742375185044,0.983668585108913,0.0005977286312014345
912,cDC,Bas-II,7,-0.7850245823258766,0.956426490866959,0.0041841004184100415
913,cDC,Bas-inflamed,5,-0.4010355193062626,0.7883897302645655,0.002988643156007173
914,cDC,Bas-mig,1,-2.617470485346311,0.9978761748661452,0.0005977286312014345
915,cDC,Bas-prolif,22,-0.5269516851528304,0.9720692383675711,0.01315002988643156
916,cDC,CD4_T,18,1.6989406045734856,1.9495923874846e-05,0.010759115361625823
917,cDC,CD8_T,5,0.2844538573688581,0.39176472477729285,0.002988643156007173
918,cDC,DS,6,1.0813119149320074,0.06788787258246043,0.0035863717872086074
919,cDC,EC,100,0.028252465578526162,0.4345280431062606,0.05977286312014345
920,cDC,FB_APOD,0,-inf,1.0,0.0
921,cDC,Gra-I,6,-1.4709843968688268,0.9991638272177997,0.0035863717872086074
922,cDC,HF-CL,4,2.5624386046686234,0.005052283583172668,0.002390914524805738
923,cDC,HF-HS,0,-inf,1.0,0.0
924,cDC,HF-IRS,1,-1.5250242365817162,0.9440583667726087,0.0005977286312014345
925,cDC,HF-Matrix,6,-0.5036505857891488,0.8518601493661748,0.0035863717872086074
926,cDC,HF-ORSB,4,-2.033751151475787,0.9999362781345675,0.002390914524805738
927,cDC,HF-TAC,2,0.24051050978126096,0.5048812495501908,0.001195457262402869
928,cDC,MELAN,0,-inf,1.0,0.0
929,cDC,Mast,14,0.5624386046686232,0.09980528683737588,0.008368200836820083
930,cDC,Mural,87,-1.1242229106351536,1.0,0.052002390914524806
931,cDC,SCH,0,-inf,1.0,0.0
932,cDC,Spi-I,21,-1.7841806542287557,0.9999999999998628,0.012552301255230125
933,cDC,Spi-mig,0,-inf,1.0,0.0
934,cDC,Sweat Gland,2,-1.470984396868827,0.9746789979590671,0.001195457262402869
935,cDC,actiFB,142,-0.06999346965790305,0.7397591506326102,0.08487746563060371
936,cDC,cDC,25,2.7800300397412503,1.6120438317557273e-13,0.014943215780035863
937,cDC,cMono,25,2.0873537217198406,3.392766068088804e-09,0.014943215780035863
938,cDC,inflamFB,191,0.19223049475254422,0.030248116520963042,0.114166168559474
939,cDC,lipidMacr,11,0.20169126089073303,0.36247889956550816,0.00657501494321578
940,cDC,myoFB,1,-2.722963614193625,0.9986697090914122,0.0005977286312014345
941,cDC,pDC,12,1.9379477397608298,0.00010137752882810602,0.007172743574417215
942,cDC,papiFB,126,0.46959758369171734,0.00019473395319613562,0.07531380753138076
943,cDC,retiFB,470,-0.34721195678706074,0.999999999987885,0.28093245666467426
944,cDC,trMacr,329,1.775270387696977,0.0,0.19665271966527198
945,cMono,AntiInfMacr,50,1.3546017502264922,4.809246001435952e-09,0.01882530120481928
946,cMono,Bas-I,0,-inf,1.0,0.0
947,cMono,Bas-II,6,-1.6742347049708965,0.9998703302914197,0.002259036144578313
948,cMono,Bas-inflamed,7,-0.5824263934445931,0.8982642131468941,0.0026355421686746986
949,cMono,Bas-mig,2,-2.284288186654883,0.9993864443598013,0.0007530120481927711
950,cMono,Bas-prolif,42,-0.26088358231993963,0.8985625740774136,0.01581325301204819
951,cMono,CD4_T,32,1.8621979018226011,1.0713659959193933e-09,0.012048192771084338
952,cMono,CD8_T,18,1.465633062615236,0.00014765095833579878,0.00677710843373494
953,cMono,DS,2,-1.170468287097721,0.9394266124564188,0.0007530120481927711
954,cMono,EC,142,-0.1326743060000886,0.8806284768379818,0.053463855421686746
955,cMono,FB_APOD,4,-0.46193110125803233,0.8001491630387194,0.0015060240963855422
956,cMono,Gra-I,5,-2.4008365040111928,0.99999992900162,0.0018825301204819277
957,cMono,HF-CL,1,-0.10437909663994852,0.6594042943719866,0.00037650602409638556
958,cMono,HF-HS,0,-inf,1.0,0.0
959,cMono,HF-IRS,8,0.8081580621097118,0.09183954478585954,0.0030120481927710845
960,cMono,HF-Matrix,15,0.1514598077896414,0.37704127154813016,0.005647590361445783
961,cMono,HF-ORSB,6,-2.115606352063203,0.9999994476612433,0.002259036144578313
962,cMono,HF-TAC,5,0.8956209033600515,0.13482371749200794,0.0018825301204819277
963,cMono,MELAN,4,0.6476933899164657,0.2536447179809165,0.0015060240963855422
964,cMono,Mast,44,1.5476975999397444,8.271741069876271e-10,0.016566265060240965
965,cMono,Mural,141,-1.0944327553936606,1.0,0.05308734939759036
966,cMono,SCH,1,-0.9117340186975528,0.8481922231765676,0.00037650602409638556
967,cMono,Spi-I,24,-2.258353277594932,1.0,0.009036144578313253
968,cMono,Spi-mig,0,-inf,1.0,0.0
969,cMono,Sweat Gland,9,0.03212290326491328,0.518323831822531,0.00338855421686747
970,cMono,actiFB,222,-0.09214242412105132,0.8493867019380315,0.08358433734939759
971,cMono,cDC,26,2.1697958667990456,5.159935811960281e-10,0.009789156626506024
972,cMono,cMono,55,2.5580395441612036,0.0,0.020707831325301206
973,cMono,inflamFB,413,0.6379819368276689,0.0,0.15549698795180722
974,cMono,lipidMacr,26,0.7758816590859559,0.00691577340852112,0.009789156626506024
975,cMono,myoFB,0,-inf,1.0,0.0
976,cMono,pDC,11,1.145599156368399,0.012964030364743917,0.004141566265060241
977,cMono,papiFB,229,0.6647037469801725,1.1807776978400852e-11,0.08621987951807229
978,cMono,retiFB,666,-0.5111682375893705,1.0,0.2507530120481928
979,cMono,trMacr,440,1.527868626177823,0.0,0.16566265060240964
980,inflamFB,AntiInfMacr,528,-0.1399701861593581,0.9920158718036469,0.006680838141512299
981,inflamFB,Bas-I,32,-2.5994018047966554,1.0,0.0004048992813037757
982,inflamFB,Bas-II,220,-1.372947358136972,1.0,0.002783682558963458
983,inflamFB,Bas-inflamed,94,-1.7303023297941387,1.0,0.0011893916388298412
984,inflamFB,Bas-mig,60,-2.2725074570159434,1.0,0.0007591861524445794
985,inflamFB,Bas-prolif,1106,-0.4371752008335717,1.0,0.013994331410061747
986,inflamFB,CD4_T,394,0.5891398553093983,1.1102230246251565e-16,0.004985322401052738
987,inflamFB,CD8_T,276,0.5091226519815137,2.2625038509360706e-09,0.0034922563012450654
988,inflamFB,DS,142,0.08416896643738189,0.24373236387456065,0.0017967405607855046
989,inflamFB,EC,5035,0.12024477141979739,1.103542812685987e-10,0.06370837129264095
990,inflamFB,FB_APOD,112,-0.5496860451700072,0.999997303893256,0.001417147484563215
991,inflamFB,Gra-I,183,-2.1021746265840915,1.0,0.002315517764955967
992,inflamFB,HF-CL,28,-0.1921340405519234,0.7965919594324801,0.00035428687114080374
993,inflamFB,HF-HS,6,-4.114966180029463,1.0,7.591861524445795e-05
994,inflamFB,HF-IRS,120,-0.18006120825134864,0.9337526351915092,0.0015183723048891589
995,inflamFB,HF-Matrix,508,0.33814403298370954,3.696453942936273e-08,0.006427776090697439
996,inflamFB,HF-ORSB,160,-2.273750623866576,1.0,0.002024496406518878
997,inflamFB,HF-TAC,123,0.6210974478423499,1.265366348812691e-06,0.0015563316125113877
998,inflamFB,MELAN,109,0.5207678487238132,9.255964503851466e-05,0.001379188176940986
999,inflamFB,Mast,563,0.3301472274130979,1.524658166385251e-08,0.007123696730438303
1000,inflamFB,Mural,6072,-0.5611378983465668,1.0,0.07682963862739144
1001,inflamFB,SCH,19,-1.558916371223546,0.9999999992194971,0.00024040894827411682
1002,inflamFB,Spi-I,611,-2.4833970744669376,1.0,0.007731045652393967
1003,inflamFB,Spi-mig,81,-3.99055583783952,1.0,0.0010249013058001822
1004,inflamFB,Sweat Gland,188,-0.4783231124693406,0.9999998099458717,0.0023787832776596823
1005,inflamFB,actiFB,6771,-0.05651495252774396,0.9998308249987257,0.08567415730337079
1006,inflamFB,cDC,195,0.1815765964379851,0.036516307804956294,0.002467354995444883
1007,inflamFB,cMono,435,0.6464415554030554,0.0,0.005504099605223201
1008,inflamFB,inflamFB,17775,1.1704360388327848,0.0,0.22490889766170666
1009,inflamFB,lipidMacr,353,-0.3561435517535349,0.9999998395386832,0.004466545196882276
1010,inflamFB,myoFB,702,1.1704360388327846,0.0,0.008882477983601578
1011,inflamFB,pDC,181,0.29090355884472807,0.0029742710577213005,0.0022902115598744813
1012,inflamFB,papiFB,5838,0.44164858841591736,0.0,0.07386881263285758
1013,inflamFB,retiFB,24118,-0.22783381525714438,1.0,0.30516752707763944
1014,inflamFB,trMacr,5894,0.3764303918075846,0.0,0.07457738637513918
1015,lipidMacr,AntiInfMacr,736,4.2879825158162586,0.0,0.1438061742868308
1016,lipidMacr,Bas-I,0,-inf,1.0,0.0
1017,lipidMacr,Bas-II,0,-inf,1.0,0.0
1018,lipidMacr,Bas-inflamed,5,-2.0141782213073562,0.9999865282142995,0.0009769441187964048
1019,lipidMacr,Bas-mig,0,-inf,1.0,0.0
1020,lipidMacr,Bas-prolif,22,-2.140094387153924,1.0,0.0042985541227041815
1021,lipidMacr,CD4_T,6,-1.4991645981487647,0.9993349882838467,0.0011723329425556857
1022,lipidMacr,CD8_T,3,-2.065654438798442,0.9996880954003767,0.0005861664712778429
1023,lipidMacr,DS,8,-0.11679328779024255,0.6375007568300294,0.0015631105900742479
1024,lipidMacr,EC,167,-0.8450421337232399,1.0,0.032629933567799925
1025,lipidMacr,FB_APOD,1,-3.408256101950554,0.9999765877274653,0.00019538882375928098
1026,lipidMacr,Gra-I,0,-inf,1.0,0.0
1027,lipidMacr,HF-CL,0,-inf,1.0,0.0
1028,lipidMacr,HF-HS,0,-inf,1.0,0.0
1029,lipidMacr,HF-IRS,3,-1.5532044378616536,0.9928712205931657,0.0005861664712778429
1030,lipidMacr,HF-Matrix,7,-1.894400866453795,0.9999974792897762,0.0013677217663149667
1031,lipidMacr,HF-ORSB,7,-2.8395389314192765,0.9999999999999969,0.0013677217663149667
1032,lipidMacr,HF-TAC,0,-inf,1.0,0.0
1033,lipidMacr,MELAN,7,0.5087233112815481,0.22562077608555775,0.0013677217663149667
1034,lipidMacr,Mast,21,-0.46574159661131403,0.9499004213163897,0.004103165298944901
1035,lipidMacr,Mural,100,-2.5364529187102507,1.0,0.019538882375928098
1036,lipidMacr,SCH,0,-inf,1.0,0.0
1037,lipidMacr,Spi-I,11,-4.330209160371313,1.0,0.0021492770613520907
1038,lipidMacr,Spi-mig,0,-inf,1.0,0.0
1039,lipidMacr,Sweat Gland,5,-1.7621990039825584,0.9998188006559661,0.0009769441187964048
1040,lipidMacr,actiFB,132,-1.7884891718052254,1.0,0.02579132473622509
1041,lipidMacr,cDC,8,-0.4769688520345681,0.8663857504072032,0.0015631105900742479
1042,lipidMacr,cMono,30,0.7372454255525408,0.005692987277949646,0.005861664712778429
1043,lipidMacr,inflamFB,407,-0.329456051018051,0.9999997929607871,0.07952325127002735
1044,lipidMacr,lipidMacr,1382,5.5616588406406,0.0,0.27002735443532627
1045,lipidMacr,myoFB,6,-1.7511438154735626,0.9999418437854821,0.0011723329425556857
1046,lipidMacr,pDC,11,0.1992741556758773,0.36446081865287194,0.0021492770613520907
1047,lipidMacr,papiFB,183,-0.6051252035252506,0.9999999998459518,0.03575615474794842
1048,lipidMacr,retiFB,795,-1.2020605551814365,1.0,0.15533411488862836
1049,lipidMacr,trMacr,1055,1.8432111955551893,0.0,0.20613520906604144
1050,myoFB,AntiInfMacr,6,-2.1134783679064033,0.999999423356615,0.001701162461015027
1051,myoFB,Bas-I,0,-inf,1.0,0.0
1052,myoFB,Bas-II,0,-inf,1.0,0.0
1053,myoFB,Bas-inflamed,0,-inf,1.0,0.0
1054,myoFB,Bas-mig,0,-inf,1.0,0.0
1055,myoFB,Bas-prolif,10,-2.7404593392906644,1.0,0.002835270768358378
1056,myoFB,CD4_T,2,-2.546988527256726,0.9998975394260845,0.0005670541536716756
1057,myoFB,CD8_T,1,-3.1134783679064033,0.9998308471914321,0.0002835270768358378
1058,myoFB,DS,1,-2.579654716177048,0.9975123853300566,0.0002835270768358378
1059,myoFB,EC,185,-0.16022639406778558,0.9467818817450705,0.052452509214629996
1060,myoFB,FB_APOD,0,-inf,1.0,0.0
1061,myoFB,Gra-I,0,-inf,1.0,0.0
1062,myoFB,HF-CL,0,-inf,1.0,0.0
1063,myoFB,HF-HS,0,-inf,1.0,0.0
1064,myoFB,HF-IRS,0,-inf,1.0,0.0
1065,myoFB,HF-Matrix,1,-4.164617216898204,0.9999999850710637,0.0002835270768358378
1066,myoFB,HF-ORSB,0,-inf,1.0,0.0
1067,myoFB,HF-TAC,0,-inf,1.0,0.0
1068,myoFB,MELAN,0,-inf,1.0,0.0
1069,myoFB,Mast,4,-2.3209204477768797,0.9999969896107668,0.0011341083073433513
1070,myoFB,Mural,412,0.04332999031143731,0.2655134522875662,0.11681315565636519
1071,myoFB,SCH,1,-1.32092044777688,0.9183024503501234,0.0002835270768358378
1072,myoFB,Spi-I,0,-inf,1.0,0.0
1073,myoFB,Spi-mig,0,-inf,1.0,0.0
1074,myoFB,Sweat Gland,0,-inf,1.0,0.0
1075,myoFB,actiFB,192,-0.710782218829328,0.9999999999999963,0.05443719875248086
1076,myoFB,cDC,1,-2.939830280421374,0.9995466148346092,0.0002835270768358378
1077,myoFB,cMono,1,-3.632506598442783,0.9999960890944448,0.0002835270768358378
1078,myoFB,inflamFB,810,1.2005756341008837,0.0,0.22965693223702863
1079,myoFB,lipidMacr,3,-2.7487819874133073,0.9999996392132134,0.0008505812305075135
1080,myoFB,myoFB,338,4.601911691700661,0.0,0.09583215197051319
1081,myoFB,pDC,0,-inf,1.0,0.0
1082,myoFB,papiFB,99,-0.9543298501164887,0.9999999999999867,0.028069180606747946
1083,myoFB,retiFB,1423,0.17498691278652265,7.606779206525971e-09,0.4034590303373972
1084,myoFB,trMacr,37,-2.453224150797214,1.0,0.010490501842925999
1085,pDC,AntiInfMacr,14,0.43370829521899884,0.16259967559593214,0.009943181818181818
1086,pDC,Bas-I,0,-inf,1.0,0.0
1087,pDC,Bas-II,11,0.11584222565487222,0.4359634844302265,0.0078125
1088,pDC,Bas-inflamed,2,-1.4741735027925693,0.9749561630677313,0.0014204545454545455
1089,pDC,Bas-mig,1,-2.3686803739452555,0.9943652284508093,0.0007102272727272727
1090,pDC,Bas-prolif,32,0.2624068076109278,0.17159213601634593,0.022727272727272728
1091,pDC,CD4_T,16,1.7778057145322284,2.9071585990636528e-05,0.011363636363636364
1092,pDC,CD8_T,10,1.5332439687699133,0.0029588833086753308,0.007102272727272727
1093,pDC,DS,7,1.5524944476695104,0.011123191824563006,0.004971590909090909
1094,pDC,EC,82,-0.009261608177059408,0.5399313723596888,0.05823863636363636
1095,pDC,FB_APOD,2,-0.546323288548405,0.7892760920570259,0.0014204545454545455
1096,pDC,Gra-I,10,-0.48522869130156526,0.8918996810801557,0.007102272727272727
1097,pDC,HF-CL,0,-inf,1.0,0.0
1098,pDC,HF-HS,0,-inf,1.0,0.0
1099,pDC,HF-IRS,2,-0.2762341251806607,0.696866233106296,0.0014204545454545455
1100,pDC,HF-Matrix,15,1.0670676204992686,0.0067477108692838295,0.01065340909090909
1101,pDC,HF-ORSB,2,-2.7849610400747316,0.9999857714762911,0.0014204545454545455
1102,pDC,HF-TAC,4,1.4893006211823168,0.05629954732165354,0.002840909090909091
1103,pDC,MELAN,4,1.5633012026260933,0.04838010046924057,0.002840909090909091
1104,pDC,Mast,14,0.8112287160696787,0.033003954971983385,0.009943181818181818
1105,pDC,Mural,133,-0.26309385958163684,0.990102967295655,0.09446022727272728
1106,pDC,SCH,0,-inf,1.0,0.0
1107,pDC,Spi-I,19,-1.6797804521628752,0.9999999999478898,0.013494318181818182
1108,pDC,Spi-mig,2,-3.5196881620449383,0.9999999978440642,0.0014204545454545455
1109,pDC,Sweat Gland,9,0.947730715974541,0.048007459523270346,0.006392045454545455
1110,pDC,actiFB,103,-0.2844499505783113,0.9860800386469255,0.07315340909090909
1111,pDC,cDC,10,1.7068920562549432,0.001248698356481337,0.007102272727272727
1112,pDC,cMono,11,1.1517192619834686,0.012598006703453013,0.0078125
1113,pDC,inflamFB,176,0.3230233967551484,0.0013300541492973217,0.125
1114,pDC,lipidMacr,11,0.4504813722917884,0.1883484783026017,0.0078125
1115,pDC,myoFB,0,-inf,1.0,0.0
1116,pDC,pDC,10,1.9237034453280912,0.0004032767073552934,0.007102272727272727
1117,pDC,papiFB,135,0.8179233686436871,2.736785242873907e-10,0.09588068181818182
1118,pDC,retiFB,404,-0.3167273091992104,0.9999999915373896,0.2869318181818182
1119,pDC,trMacr,157,0.9567374742544179,4.440892098500626e-15,0.11150568181818182
1120,papiFB,AntiInfMacr,242,-0.3508749342657845,0.9999775032119902,0.005772212283840191
1121,papiFB,Bas-I,89,-0.2090422398528249,0.9301546209833121,0.0021228384019081692
1122,papiFB,Bas-II,287,-0.07477401100851115,0.82493032239332,0.0068455575432319615
1123,papiFB,Bas-inflamed,202,0.2879464352574513,0.002503169442262254,0.004818127608825283
1124,papiFB,Bas-mig,65,-1.242404105618575,1.0,0.0015503875968992248
1125,papiFB,Bas-prolif,804,0.01736695408808249,0.3667773449213063,0.01917710196779964
1126,papiFB,CD4_T,224,0.6890690918880589,4.285904964262954e-12,0.005342874180083482
1127,papiFB,CD8_T,157,0.6098450780724045,1.8372120913490164e-07,0.0037447823494335124
1128,papiFB,DS,107,0.5905149673112795,2.4697814467455892e-05,0.0025521765056648778
1129,papiFB,EC,2755,0.16493144596160297,2.1446044939921194e-10,0.06571258199165175
1130,papiFB,FB_APOD,140,0.6868681836947876,4.019542165778489e-08,0.0033392963625521765
1131,papiFB,Gra-I,145,-1.5233392408757669,1.0,0.0034585569469290397
1132,papiFB,HF-CL,32,0.9151371713679052,0.0004973419767870801,0.0007632677400119261
1133,papiFB,HF-HS,15,-1.8784119511646689,0.9999999999828937,0.00035778175313059033
1134,papiFB,HF-IRS,97,0.4275871723046931,0.002313981942193566,0.002313655336911151
1135,papiFB,HF-Matrix,320,0.5860135750763389,1.0796918914479647e-12,0.007632677400119261
1136,papiFB,HF-ORSB,190,-1.1111969764455574,1.0,0.004531902206320811
1137,papiFB,HF-TAC,86,1.0194738311826408,7.732698925622117e-10,0.0020512820512820513
1138,papiFB,MELAN,70,0.796492674869286,7.4237759746242915e-06,0.0016696481812760882
1139,papiFB,Mast,336,0.5000996720890614,2.9173430338147455e-10,0.008014311270125224
1140,papiFB,Mural,3388,-0.4882496804524015,1.0,0.08081097197376268
1141,papiFB,SCH,11,-1.4327861320524018,0.9999811048566274,0.00026237328562909957
1142,papiFB,Spi-I,712,-1.3480660793418366,1.0,0.016982707215265354
1143,papiFB,Spi-mig,50,-3.771923516971987,1.0,0.0011926058437686344
1144,papiFB,Sweat Gland,157,0.17633491872208185,0.06457288100143754,0.0037447823494335124
1145,papiFB,actiFB,3439,-0.11926862193651265,0.9999999385597472,0.08202742993440668
1146,papiFB,cDC,129,0.5000996720890614,6.937271555484958e-05,0.003076923076923077
1147,papiFB,cMono,248,0.7503924090312729,3.3306690738754696e-15,0.005915324985092427
1148,papiFB,inflamFB,5608,0.42077086742670056,0.0,0.13376267143709003
1149,papiFB,lipidMacr,155,-0.6289173857730452,0.9999999992063147,0.0036970781156827667
1150,papiFB,myoFB,76,-1.1223375340507578,0.9999999999999994,0.0018127608825283244
1151,papiFB,pDC,141,0.8452351581377489,3.221600763936294e-11,0.003363148479427549
1152,papiFB,papiFB,3858,0.7586536549401859,0.0,0.09202146690518784
1153,papiFB,retiFB,14654,-0.032023436313341355,0.9997245794342592,0.3495289206917114
1154,papiFB,trMacr,2936,0.28566143350422996,0.0,0.07002981514609422
1155,retiFB,AntiInfMacr,1090,-0.9339230427299751,1.0,0.0038532512249096784
1156,retiFB,Bas-I,398,-0.8024483411294587,1.0,0.0014069669610220661
1157,retiFB,Bas-II,738,-1.4665012224776879,1.0,0.0026088985357645344
1158,retiFB,Bas-inflamed,541,-1.0450775545214128,1.0,0.0019124852409872807
1159,retiFB,Bas-mig,91,-3.511274569302218,1.0,0.0003216934508869548
1160,retiFB,Bas-prolif,2017,-1.4099866593317694,1.0,0.0071302823125163495
1161,retiFB,CD4_T,700,-0.4213720091911014,1.0,0.002474565006822729
1162,retiFB,CD8_T,531,-0.38650491086895394,0.9999999999999988,0.0018771343123183846
1163,retiFB,DS,440,-0.12388959641909263,0.9890185151270221,0.0015554408614314298
1164,retiFB,EC,16822,0.020859171782797975,0.008089404620971852,0.059467332206817075
1165,retiFB,FB_APOD,891,0.6025694974178585,0.0,0.0031497677443986455
1166,retiFB,Gra-I,457,-2.621495266686517,1.0,0.0016155374401685533
1167,retiFB,HF-CL,79,-0.5353793713088766,0.9999921395211359,0.00027927233648427946
1168,retiFB,HF-HS,32,-3.539599837627072,1.0,0.00011312297174046763
1169,retiFB,HF-IRS,275,-0.8233351523242973,1.0,0.0009721505383946436
1170,retiFB,HF-Matrix,1169,-0.2991525961332518,1.0,0.004132523561393958
1171,retiFB,HF-ORSB,614,-2.1732550302602105,1.0,0.0021705470202702227
1172,retiFB,HF-TAC,206,-0.4745876871901236,0.9999999995033256,0.0007282291305792603
1173,retiFB,MELAN,250,-0.12130334826747827,0.9559346795423083,0.0008837732167224033
1174,retiFB,Mast,1325,-0.27473839720565996,1.0,0.004683998048628737
1175,retiFB,Mural,28061,-0.19248632839871566,1.0,0.09919824093778944
1176,retiFB,SCH,109,-0.8783307167666574,1.0,0.00038532512249096784
1177,retiFB,Spi-I,2181,-2.4873227465213685,1.0,0.007710037542686246
1178,retiFB,Spi-mig,129,-5.158849742177343,1.0,0.0004560269798287601
1179,retiFB,Sweat Gland,797,-0.2341472070329585,0.9999999971196741,0.0028174690149110216
1180,retiFB,actiFB,28275,0.16590009044735682,0.0,0.09995475081130381
1181,retiFB,cDC,506,-0.28243129949376766,0.9999999902674993,0.0017887569906461442
1182,retiFB,cMono,657,-0.5983516318871577,1.0,0.002322556013546476
1183,retiFB,inflamFB,24194,-0.2244353677232687,1.0,0.0855280368215273
1184,retiFB,lipidMacr,648,-1.319489079016543,1.0,0.002290740177744469
1185,retiFB,myoFB,1204,0.10905733841147373,0.0005857225764982488,0.004256251811735094
1186,retiFB,pDC,400,-0.4047572953402048,0.9999999999997242,0.0014140371467558453
1187,retiFB,papiFB,15058,-0.031038520093532456,0.9996602581924742,0.053231428389623796
1188,retiFB,retiFB,139315,0.46266344773049695,0.0,0.49249146275072647
1189,retiFB,trMacr,12678,-0.3582325575367709,1.0,0.04481790736642652
1190,trMacr,AntiInfMacr,1429,2.1162660473565724,0.0,0.03191726972214777
1191,trMacr,Bas-I,10,-3.457633558130725,1.0,0.00022335388189046726
1192,trMacr,Bas-II,100,-1.6906107301083395,1.0,0.0022335388189046726
1193,trMacr,Bas-inflamed,48,-1.8800885289720521,1.0,0.0010720986330742428
1194,trMacr,Bas-mig,21,-2.967240478067134,1.0,0.00046904315196998124
1195,trMacr,Bas-prolif,482,-0.8155813830597496,1.0,0.010765657107120522
1196,trMacr,CD4_T,325,1.1312240955474067,0.0,0.007259001161440186
1197,trMacr,CD8_T,185,0.7518198074982243,7.971179272203699e-12,0.0041320468149736445
1198,trMacr,DS,105,0.4685075163773904,0.0006229468787615211,0.0023452157598499064
1199,trMacr,EC,2370,-0.14701979591016068,0.9999999567172244,0.05293487000804074
1200,trMacr,FB_APOD,75,-0.3083821249531629,0.9780530937128363,0.0016751541141785044
1201,trMacr,Gra-I,91,-2.29023967289087,1.0,0.0020325203252032522
1202,trMacr,HF-CL,48,1.4053136898901961,9.319842675381551e-10,0.0010720986330742428
1203,trMacr,HF-HS,0,-inf,1.0,0.0
1204,trMacr,HF-IRS,51,-0.5946863101098041,0.9995045691541974,0.001139104797641383
1205,trMacr,HF-Matrix,225,-0.016919310792851444,0.581688349980475,0.0050254623425355135
1206,trMacr,HF-ORSB,103,-2.089338039792152,1.0,0.002300544983471813
1207,trMacr,HF-TAC,45,-0.009723809388647614,0.54011686426196,0.0010050924685071027
1208,trMacr,MELAN,73,0.7622482346054716,1.0384441358590735e-05,0.001630483337800411
1209,trMacr,Mast,446,0.8138961670317405,0.0,0.00996158313231484
1210,trMacr,Mural,3712,-0.4512728268558932,1.0,0.08290896095774145
1211,trMacr,SCH,28,-0.17964881083096004,0.7762804184129607,0.0006253908692933083
1212,trMacr,Spi-I,345,-2.488132940841568,1.0,0.0077057089252211206
1213,trMacr,Spi-mig,32,-4.510565688945578,1.0,0.0007147324220494952
1214,trMacr,Sweat Gland,123,-0.27055730702917047,0.9875213788011856,0.0027472527472527475
1215,trMacr,actiFB,4048,0.02116557003214157,0.159040144876337,0.09041365138926115
1216,trMacr,cDC,319,1.7114990482318115,0.0,0.007124988832305905
1217,trMacr,cMono,450,1.5151913076625696,0.0,0.010050924685071027
1218,trMacr,inflamFB,5828,0.38149941328172476,0.0,0.1301706423657643
1219,trMacr,lipidMacr,863,1.7533889759328072,0.0,0.019275440007147326
1220,trMacr,myoFB,24,-2.880088528972052,1.0,0.0005360493165371214
1221,trMacr,pDC,165,0.9772200377859059,1.1102230246251565e-16,0.00368533905119271
1222,trMacr,papiFB,2988,0.29519467748145445,0.0,0.06673813990887162
1223,trMacr,retiFB,12320,-0.37710168326938037,1.0,0.27517198248905567
1224,trMacr,trMacr,7295,1.5039314612674053,0.0,0.16293665683909586
